file_name	xml_file	bmp_exists	num_segments	segment_ranges
ae07_001	ae07_001.xml	True	5	53-65; 146-146; 162-162; 181-266; 412-435
ae07_002	ae07_002.xml	True	10	34-51; 79-94; 113-124; 174-197; 264-274; 287-298; 318-325; 406-442; 457-457; 507-523
ae07_003	ae07_003.xml	True	6	49-49; 81-133; 146-158; 203-305; 329-329; 346-360
ae07_004	ae07_004.xml	True	11	58-78; 114-131; 211-223; 280-296; 346-359; 369-405; 472-514; 540-572; 584-603; 633-633; 644-666
ae07_005	ae07_005.xml	True	7	56-131; 197-197; 220-297; 307-324; 371-406; 431-451; 465-489
ae07_006	ae07_006.xml	True	6	50-67; 111-140; 210-278; 291-318; 344-353; 367-391
ae07_007	ae07_007.xml	True	10	74-111; 122-162; 186-186; 262-277; 293-354; 424-438; 487-567; 606-629; 678-691; 745-760
ae07_008	ae07_008.xml	True	7	62-91; 182-284; 314-314; 351-351; 371-407; 460-460; 472-490
ae07_009	ae07_009.xml	True	11	64-84; 154-174; 233-233; 251-251; 256-259; 279-366; 457-461; 507-540; 571-595; 626-644; 658-688
ae07_010	ae07_010.xml	True	7	39-61; 131-161; 207-236; 272-289; 304-347; 361-446; 512-536
ae07_011	ae07_011.xml	True	3	119-133; 194-217; 227-251
ae07_012	ae07_012.xml	True	4	108-108; 148-169; 215-269; 337-352
ae07_013	ae07_013.xml	True	4	54-157; 201-258; 270-288; 314-314
ae07_014	ae07_014.xml	True	9	32-110; 165-197; 209-239; 298-334; 346-354; 371-446; 530-547; 584-602; 634-634
ae07_015	ae07_015.xml	True	7	73-121; 189-189; 222-326; 338-347; 407-444; 497-510; 525-543
ae07_016	ae07_016.xml	True	5	65-151; 235-244; 275-285; 323-351; 404-417
ae07_017	ae07_017.xml	True	8	40-40; 94-125; 139-139; 186-204; 258-297; 340-348; 374-489; 556-614
ae07_018	ae07_018.xml	True	6	68-68; 138-170; 234-252; 300-327; 337-467; 526-579
ae07_019	ae07_019.xml	True	8	75-107; 120-156; 169-169; 207-223; 262-369; 436-461; 501-529; 570-579
ae07_020	ae07_020.xml	True	9	58-81; 157-162; 257-261; 272-366; 460-460; 494-542; 568-584; 626-667; 681-696
ae07_021	ae07_021.xml	True	7	117-147; 164-205; 259-259; 287-331; 385-422; 451-480; 490-516
ae07_022	ae07_022.xml	True	4	41-54; 100-122; 165-190; 275-356
ae07_023	ae07_023.xml	True	8	57-139; 153-178; 218-234; 271-281; 293-313; 326-423; 476-491; 523-528
ae07_024	ae07_024.xml	True	6	77-104; 112-160; 180-180; 208-227; 260-320; 373-373
ae07_025	ae07_025.xml	True	6	81-120; 168-182; 225-316; 383-405; 451-519; 536-548
ae07_026	ae07_026.xml	True	7	67-87; 108-174; 220-269; 304-304; 344-433; 479-495; 558-591
ae07_027	ae07_027.xml	True	5	137-210; 237-270; 325-325; 349-357; 427-454
ae07_028	ae07_028.xml	True	5	129-162; 220-318; 329-369; 389-412; 421-458
ae07_029	ae07_029.xml	True	7	164-164; 183-192; 241-241; 297-313; 326-379; 436-462; 521-521
ae07_030	ae07_030.xml	True	7	66-122; 170-176; 236-287; 357-397; 414-430; 438-476; 576-584
ae07_031	ae07_031.xml	True	4	48-66; 136-173; 224-224; 340-463
ae07_032	ae07_032.xml	True	3	192-220; 272-289; 302-327
ae07_033	ae07_033.xml	True	7	119-154; 160-166; 233-245; 304-377; 436-478; 516-521; 573-587
ae07_034	ae07_034.xml	True	3	55-101; 112-134; 239-262
ae07_035	ae07_035.xml	True	3	198-242; 311-311; 376-394
ae07_036	ae07_036.xml	True	7	31-105; 143-173; 186-201; 229-259; 286-393; 442-457; 501-530
ae07_037	ae07_037.xml	True	7	56-56; 121-151; 197-228; 237-239; 265-378; 415-415; 422-455
ae07_038	ae07_038.xml	True	6	83-145; 153-160; 199-261; 294-318; 376-385; 395-426
ae07_039	ae07_039.xml	True	16	38-38; 75-92; 101-123; 153-168; 223-230; 246-289; 364-377; 427-444; 454-475; 493-501; 531-565; 581-596; 606-667; 777-777; 798-852; 898-907
ae07_040	ae07_040.xml	True	3	61-99; 111-143; 189-196
ae07_041	ae07_041.xml	True	6	51-95; 130-197; 242-268; 337-362; 404-420; 430-450
ae07_042	ae07_042.xml	True	9	31-97; 134-159; 172-172; 232-275; 286-289; 305-386; 470-511; 547-574; 626-626
ae07_043	ae07_043.xml	True	9	33-93; 202-225; 232-255; 266-301; 373-388; 466-518; 571-607; 650-663; 708-752
ae07_044	ae07_044.xml	True	4	50-98; 145-261; 270-287; 331-358
ae07_045	ae07_045.xml	True	12	18-111; 163-182; 188-188; 257-316; 360-376; 402-402; 432-432; 484-552; 604-604; 658-716; 725-725; 753-767
ae07_046	ae07_046.xml	True	6	39-89; 150-150; 206-231; 246-278; 287-301; 309-334
ae07_047	ae07_047.xml	True	6	43-43; 99-126; 164-239; 251-294; 315-315; 338-350
ae07_048	ae07_048.xml	True	6	37-66; 77-99; 129-167; 221-221; 291-291; 333-345
ae07_049	ae07_049.xml	True	4	110-145; 156-209; 320-343; 354-392
ae07_050	ae07_050.xml	True	3	95-129; 144-162; 202-213
ae07_051	ae07_051.xml	True	7	128-140; 168-168; 209-209; 264-276; 285-362; 403-474; 548-548
ae07_052	ae07_052.xml	True	8	26-58; 67-85; 122-144; 185-199; 206-234; 241-292; 376-423; 445-445
ae09_001	ae09_001.xml	True	6	36-71; 81-100; 117-156; 165-180; 217-392; 400-412
ae09_002	ae09_002.xml	True	3	90-102; 148-238; 257-367
ae09_003	ae09_003.xml	True	10	40-65; 71-99; 105-119; 178-261; 272-281; 291-303; 309-319; 394-421; 430-433; 496-525
ae09_004	ae09_004.xml	True	3	37-63; 72-205; 270-298
ae09_005	ae09_005.xml	True	8	63-161; 195-275; 282-301; 321-402; 436-457; 463-463; 531-573; 579-579
ae09_006	ae09_006.xml	True	7	50-87; 94-94; 164-175; 181-199; 206-274; 315-323; 332-400
ae09_007	ae09_007.xml	True	10	39-39; 99-132; 138-153; 160-245; 274-336; 371-386; 394-409; 430-452; 471-575; 594-603
ae09_008	ae09_008.xml	True	8	32-32; 63-90; 99-110; 125-197; 232-252; 273-343; 358-405; 449-539
ae09_009	ae09_009.xml	True	5	65-65; 153-192; 198-227; 282-400; 438-444
ae09_010	ae09_010.xml	True	7	66-88; 94-94; 144-195; 202-213; 221-307; 342-355; 365-426
ae09_011	ae09_011.xml	True	7	44-182; 190-205; 211-231; 239-275; 333-343; 371-394; 399-419
ae09_012	ae09_012.xml	True	6	26-53; 68-68; 115-157; 174-250; 317-396; 436-513
ae09_013	ae09_013.xml	True	6	46-82; 108-208; 251-284; 297-309; 314-333; 346-365
ae09_014	ae09_014.xml	True	12	29-62; 82-135; 157-162; 228-270; 309-322; 345-366; 373-394; 435-501; 541-556; 567-593; 597-619; 628-628
ae09_015	ae09_015.xml	True	16	50-86; 96-110; 133-133; 195-215; 227-245; 252-289; 333-348; 357-389; 410-443; 449-449; 488-523; 534-555; 569-597; 637-637; 658-679; 685-711
ae09_016	ae09_016.xml	True	7	37-44; 80-105; 111-147; 186-215; 244-350; 376-392; 399-452
ae09_017	ae09_017.xml	True	3	58-67; 77-103; 133-250
ae09_018	ae09_018.xml	True	12	48-70; 76-97; 131-175; 197-248; 280-347; 358-395; 489-538; 566-576; 583-594; 635-676; 681-695; 717-818
ae09_019	ae09_019.xml	True	2	34-70; 86-230
ae09_020	ae09_020.xml	True	4	32-62; 84-110; 154-236; 288-332
ae09_021	ae09_021.xml	True	3	37-102; 128-136; 180-279
ae09_022	ae09_022.xml	True	5	68-218; 230-305; 315-338; 356-395; 402-416
ae09_023	ae09_023.xml	True	7	58-84; 131-131; 203-227; 264-289; 297-309; 323-396; 433-506
ae09_024	ae09_024.xml	True	9	32-94; 103-127; 161-203; 220-230; 243-260; 265-325; 386-414; 440-444; 511-533
ae09_025	ae09_025.xml	True	6	41-67; 75-98; 138-162; 181-186; 245-277; 289-292
ae09_026	ae09_026.xml	True	5	48-79; 85-120; 157-171; 210-230; 244-255
ae09_027	ae09_027.xml	True	4	29-40; 70-112; 150-250; 284-340
ae09_028	ae09_028.xml	True	5	71-113; 124-192; 207-324; 330-342; 402-420
ae09_029	ae09_029.xml	True	6	71-90; 100-115; 158-179; 215-293; 316-336; 342-390
ae09_030	ae09_030.xml	True	12	66-66; 120-138; 154-181; 210-273; 315-330; 355-406; 425-466; 474-530; 577-659; 664-683; 690-690; 736-779
ae09_031	ae09_031.xml	True	7	306-332; 340-360; 394-419; 428-453; 513-551; 567-584; 591-605
ae09_032	ae09_032.xml	True	10	66-99; 109-140; 147-151; 209-230; 241-256; 264-339; 366-380; 386-400; 444-493; 503-534
ae09_033	ae09_033.xml	True	8	45-81; 138-167; 173-234; 241-296; 326-339; 389-419; 426-515; 523-550
ae09_034	ae09_034.xml	True	11	30-47; 58-62; 108-131; 156-212; 256-319; 354-376; 381-395; 431-472; 491-502; 542-558; 568-582
ae09_035	ae09_035.xml	True	8	47-76; 100-106; 175-195; 204-218; 227-301; 344-359; 385-422; 431-431
ae09_036	ae09_036.xml	True	5	40-61; 73-132; 173-223; 280-339; 383-417
ae09_037	ae09_037.xml	True	6	24-43; 96-123; 160-271; 311-332; 361-387; 397-420
ae09_038	ae09_038.xml	True	3	227-227; 348-397; 402-431
ae09_039	ae09_039.xml	True	13	62-62; 112-144; 153-180; 204-231; 270-280; 299-375; 426-446; 457-486; 507-547; 555-576; 584-584; 637-667; 694-701
ae09_040	ae09_040.xml	True	6	26-35; 59-93; 148-198; 247-259; 266-324; 360-428
ae09_041	ae09_041.xml	True	6	22-25; 69-115; 122-152; 157-176; 228-266; 278-305
ae09_042	ae09_042.xml	True	3	43-67; 78-87; 106-211
ae09_043	ae09_043.xml	True	7	79-118; 127-170; 206-254; 273-369; 408-416; 442-450; 491-519
ae09_044	ae09_044.xml	True	2	92-128; 141-179
ae09_045	ae09_045.xml	True	7	18-31; 76-120; 167-218; 224-244; 249-266; 273-320; 363-416
ae09_046	ae09_046.xml	True	7	62-79; 85-171; 189-206; 220-236; 241-292; 334-406; 416-432
ae09_047	ae09_047.xml	True	2	49-64; 71-157
ae09_048	ae09_048.xml	True	6	25-37; 183-206; 240-282; 291-302; 317-385; 451-600
ae09_049	ae09_049.xml	True	8	18-30; 37-70; 88-164; 201-201; 209-269; 306-347; 365-387; 395-436
ae09_050	ae09_050.xml	True	5	22-48; 59-90; 118-217; 298-342; 390-453
ae09_051	ae09_051.xml	True	8	46-67; 78-99; 133-161; 171-192; 201-257; 289-298; 323-356; 393-567
ae09_052	ae09_052.xml	True	8	36-36; 73-117; 122-148; 154-189; 247-315; 375-436; 445-479; 509-609
ae09_053	ae09_053.xml	True	6	39-69; 100-125; 134-178; 210-226; 258-311; 338-418
ae09_054	ae09_054.xml	True	8	29-53; 81-101; 117-150; 196-294; 304-316; 331-383; 416-448; 456-548
ae09_055	ae09_055.xml	True	13	42-66; 106-129; 143-174; 209-227; 232-247; 256-301; 325-361; 367-388; 394-410; 442-459; 495-577; 615-657; 664-683
ae09_056	ae09_056.xml	True	7	44-81; 92-112; 120-139; 187-276; 312-352; 386-407; 419-443
ae09_057	ae09_057.xml	True	6	34-69; 79-95; 105-136; 144-172; 224-243; 252-274
ae09_058	ae09_058.xml	True	6	30-54; 64-100; 130-171; 241-330; 355-383; 389-426
ae19_001	ae19_001.xml	True	9	32-49; 73-119; 141-146; 177-182; 213-222; 234-250; 271-285; 299-315; 326-348
ae19_002	ae19_002.xml	True	5	42-58; 106-106; 126-154; 177-185; 196-224
ae19_003	ae19_003.xml	True	13	78-92; 126-136; 151-187; 205-251; 277-288; 310-354; 378-378; 403-407; 436-448; 458-489; 507-507; 533-548; 563-576
ae19_004	ae19_004.xml	True	16	23-23; 44-58; 66-83; 100-112; 145-158; 165-202; 233-241; 258-258; 271-295; 323-328; 352-362; 373-379; 394-423; 488-488; 504-514; 550-550
ae19_005	ae19_005.xml	True	8	36-50; 64-83; 102-109; 138-153; 174-209; 251-259; 275-275; 299-311
ae19_006	ae19_006.xml	True	3	58-66; 105-128; 148-203
ae19_007	ae19_007.xml	True	5	29-38; 50-59; 91-91; 131-147; 165-175
ae19_008	ae19_008.xml	True	9	37-40; 63-71; 100-108; 120-124; 140-185; 218-218; 238-243; 265-279; 287-309
ae19_009	ae19_009.xml	True	3	57-68; 110-142; 153-182
ae19_010	ae19_010.xml	True	11	23-23; 44-44; 65-71; 95-101; 142-149; 159-166; 174-201; 229-236; 258-258; 287-296; 316-338
ae19_011	ae19_011.xml	True	8	44-44; 91-91; 105-120; 149-164; 177-212; 252-262; 282-282; 315-327
ae19_012	ae19_012.xml	True	2	31-41; 63-79
ae19_013	ae19_013.xml	True	8	25-37; 48-58; 84-105; 126-126; 141-150; 158-194; 274-286; 307-307
ae19_014	ae19_014.xml	True	10	33-44; 74-82; 94-94; 121-127; 152-158; 180-211; 236-245; 266-266; 275-295; 339-359
ae19_015	ae19_015.xml	True	11	45-45; 80-80; 116-116; 145-178; 193-204; 221-221; 237-245; 263-296; 336-347; 367-367; 390-402
ae19_016	ae19_016.xml	True	4	51-57; 78-92; 108-113; 147-152
ae19_017	ae19_017.xml	True	4	29-45; 67-88; 94-134; 153-153
ae19_018	ae19_018.xml	True	10	33-43; 55-57; 72-77; 87-119; 147-159; 195-205; 224-255; 270-278; 308-314; 347-360
ae19_019	ae19_019.xml	True	5	53-81; 89-104; 146-157; 173-185; 193-216
ae19_020	ae19_020.xml	True	15	41-43; 62-69; 110-121; 148-155; 164-169; 181-213; 233-244; 272-276; 283-295; 314-323; 344-348; 363-402; 441-453; 470-479; 497-510
ae19_022	ae19_022.xml	True	3	43-59; 65-75; 104-110
ae19_023	ae19_023.xml	True	4	34-34; 67-67; 77-90; 117-133
ae19_024	ae19_024.xml	True	6	29-46; 65-65; 85-99; 114-121; 142-151; 163-176
ae19_025	ae19_025.xml	True	16	31-32; 51-64; 107-113; 145-149; 160-170; 184-216; 235-247; 268-285; 310-317; 326-328; 349-355; 374-376; 389-427; 458-470; 481-492; 514-535
ae19_026	ae19_026.xml	True	5	25-42; 75-90; 95-119; 155-169; 195-207
ae19_027	ae19_027.xml	True	3	25-34; 71-76; 112-141
ae19_028	ae19_028.xml	True	7	55-55; 96-109; 137-146; 158-168; 176-225; 266-285; 295-320
ae19_029	ae19_029.xml	True	5	47-52; 73-82; 125-147; 186-209; 217-236
ae19_030	ae19_030.xml	True	5	26-38; 53-61; 69-103; 110-146; 176-193
ae19_031	ae19_031.xml	True	6	49-72; 79-103; 122-144; 164-189; 212-235; 260-285
ae19_032	ae19_032.xml	True	5	35-41; 62-77; 86-86; 92-102; 119-128
ae19_033	ae19_033.xml	True	4	51-64; 83-93; 102-111; 128-135
ae19_034	ae19_034.xml	True	8	33-40; 60-60; 81-89; 104-123; 136-136; 171-185; 199-221; 232-241
ae19_035	ae19_035.xml	True	12	34-44; 53-53; 90-101; 113-126; 146-148; 160-224; 247-256; 270-284; 315-321; 350-350; 389-396; 405-420
ae19_036	ae19_036.xml	True	8	52-60; 99-103; 124-134; 152-172; 203-249; 282-292; 327-327; 344-361
ae19_037	ae19_037.xml	True	10	33-33; 50-69; 77-98; 132-147; 157-159; 171-179; 191-227; 260-271; 279-279; 328-351
ae19_038	ae19_038.xml	True	3	78-83; 108-116; 152-157
ae19_039	ae19_039.xml	True	6	51-73; 105-132; 150-211; 240-252; 272-298; 308-319
ae19_040	ae19_040.xml	True	10	48-48; 88-96; 126-144; 149-200; 244-257; 268-275; 284-332; 372-387; 409-409; 454-460
ae19_041	ae19_041.xml	True	2	29-60; 89-121
ae19_042	ae19_042.xml	True	5	42-54; 73-86; 128-128; 167-175; 184-193
ae19_043	ae19_043.xml	True	8	22-37; 47-58; 85-88; 122-124; 137-143; 163-251; 302-314; 331-331
ae19_044	ae19_044.xml	True	7	35-43; 79-87; 105-119; 131-136; 160-205; 233-249; 260-268
ae19_045	ae19_045.xml	True	6	32-43; 55-64; 91-115; 133-146; 155-201; 241-260
ae19_046	ae19_046.xml	True	2	36-52; 60-94
ae19_047	ae19_047.xml	True	9	34-58; 77-82; 96-113; 131-141; 159-177; 183-225; 256-265; 282-296; 331-337
ae19_048	ae19_048.xml	True	2	45-56; 92-105
ae19_049	ae19_049.xml	True	9	35-48; 69-73; 82-101; 130-139; 148-157; 165-182; 220-235; 257-265; 292-292
ae19_050	ae19_050.xml	True	7	34-41; 56-77; 108-116; 124-173; 192-210; 218-239; 257-257
ae19_051	ae19_051.xml	True	9	34-41; 58-76; 111-116; 141-163; 185-194; 202-225; 265-265; 297-306; 316-329
ae19_052	ae19_052.xml	True	9	33-48; 72-74; 93-106; 143-158; 169-177; 189-233; 265-287; 310-315; 336-346
ae19_053	ae19_053.xml	True	10	25-25; 36-41; 53-63; 97-97; 108-110; 121-131; 144-174; 211-226; 246-252; 275-304
ae19_054	ae19_054.xml	True	7	33-40; 73-83; 101-118; 137-178; 212-233; 249-263; 275-294
ae19_055	ae19_055.xml	True	16	23-32; 47-72; 88-100; 108-120; 126-133; 145-174; 200-204; 223-229; 249-261; 283-288; 317-327; 360-367; 383-409; 475-477; 503-503; 512-520
ae19_056	ae19_056.xml	True	10	29-41; 62-66; 87-97; 110-127; 153-165; 175-219; 265-266; 283-283; 303-313; 341-345
ae19_057	ae19_057.xml	True	6	43-63; 83-90; 109-166; 197-217; 261-284; 301-310
ae19_058	ae19_058.xml	True	3	46-60; 73-95; 129-152
ae19_059	ae19_059.xml	True	6	21-41; 61-69; 80-88; 110-138; 179-192; 201-211
ae19_060	ae19_060.xml	True	9	39-55; 75-79; 97-105; 139-144; 157-171; 185-231; 263-268; 289-298; 322-344
ae21_001	ae21_001.xml	True	7	21-41; 79-97; 106-128; 147-186; 223-234; 258-295; 302-328
ae21_002	ae21_002.xml	True	3	85-120; 154-178; 187-205
ae21_003	ae21_003.xml	True	4	31-59; 74-100; 115-135; 142-161
ae21_004	ae21_004.xml	True	7	52-52; 89-120; 134-165; 173-205; 224-239; 265-277; 283-296
ae21_005	ae21_005.xml	True	7	29-39; 78-93; 103-130; 146-171; 179-198; 232-248; 257-267
ae21_006	ae21_006.xml	True	16	56-56; 70-100; 126-141; 147-164; 172-179; 190-225; 240-256; 268-289; 298-317; 334-348; 389-412; 448-464; 472-505; 548-555; 594-625; 632-659
ae21_007	ae21_007.xml	True	6	100-109; 165-181; 187-201; 210-251; 276-302; 343-367
ae21_008	ae21_008.xml	True	12	28-54; 81-104; 113-137; 154-183; 191-212; 235-242; 252-278; 289-322; 375-405; 412-429; 436-466; 492-520
ae21_009	ae21_009.xml	True	3	50-63; 77-119; 149-182
ae21_010	ae21_010.xml	True	9	37-67; 101-134; 143-161; 193-212; 220-233; 245-285; 318-336; 359-389; 396-425
ae21_011	ae21_011.xml	True	10	35-75; 104-117; 147-176; 194-222; 232-255; 263-273; 283-326; 348-379; 396-410; 445-474
ae21_012	ae21_012.xml	True	4	27-37; 44-89; 103-130; 139-179
ae21_013	ae21_013.xml	True	7	40-56; 84-109; 121-156; 164-198; 283-297; 307-335; 376-398
ae21_014	ae21_014.xml	True	9	62-80; 91-118; 127-147; 182-200; 208-216; 226-302; 355-355; 397-410; 451-471
ae21_015	ae21_015.xml	True	7	14-34; 43-71; 79-111; 120-144; 175-194; 213-235; 242-248
ae21_016	ae21_016.xml	True	9	35-60; 98-124; 131-147; 189-202; 211-226; 232-285; 315-334; 357-385; 391-413
ae21_017	ae21_017.xml	True	9	37-57; 67-84; 113-151; 179-194; 202-213; 224-260; 314-346; 374-396; 402-426
ae21_018	ae21_018.xml	True	7	34-58; 67-79; 88-114; 148-167; 199-248; 304-329; 334-366
ae21_019	ae21_019.xml	True	4	29-54; 74-99; 136-156; 168-82
ae21_020	ae21_020.xml	True	6	48-73; 81-104; 115-123; 164-196; 205-225; 231-249
ae21_021	ae21_021.xml	True	7	47-78; 118-133; 168-188; 210-228; 237-250; 259-288; 335-374
ae21_022	ae21_022.xml	True	14	78-94; 122-141; 150-180; 199-246; 279-306; 341-366; 389-406; 412-430; 450-484; 494-522; 529-534; 578-592; 612-624; 633-650
ae21_023	ae21_023.xml	True	7	15-35; 45-62; 92-118; 149-166; 190-217; 237-247; 254-263
ae21_024	ae21_024.xml	True	11	44-55; 84-103; 128-149; 164-188; 210-264; 308-320; 327-352; 361-385; 406-426; 466-490; 526-555
ae21_025	ae21_025.xml	True	9	14-22; 47-99; 123-136; 170-185; 218-255; 263-301; 320-347; 369-386; 394-415
ae21_026	ae21_026.xml	True	6	29-33; 68-92; 99-101; 144-171; 188-209; 254-278
ae21_027	ae21_027.xml	True	4	32-50; 72-112; 150-170; 217-236
ae21_028	ae21_028.xml	True	11	25-44; 49-79; 104-114; 157-173; 205-220; 228-240; 246-291; 316-341; 371-399; 408-430; 439-470
ae21_029	ae21_029.xml	True	5	33-57; 90-108; 132-163; 176-201; 208-217
ae21_030	ae21_030.xml	True	7	40-40; 80-108; 117-148; 195-246; 258-278; 294-302; 344-366
ae21_031	ae21_031.xml	True	13	43-64; 86-108; 122-148; 193-234; 265-265; 293-325; 338-364; 403-416; 424-439; 446-473; 514-531; 573-606; 612-631
ae21_032	ae21_032.xml	True	7	24-35; 75-109; 147-152; 181-223; 230-263; 285-302; 309-333
ae21_033	ae21_033.xml	True	4	48-69; 99-124; 131-146; 155-175
ae21_034	ae21_034.xml	True	6	42-62; 71-97; 105-105; 140-163; 198-211; 217-231
ae21_035	ae21_035.xml	True	5	17-41; 48-86; 95-128; 164-180; 193-204
ae21_036	ae21_036.xml	True	8	47-47; 77-91; 98-130; 135-163; 187-215; 293-306; 314-327; 372-386
ae21_037	ae21_037.xml	True	8	58-82; 88-116; 126-160; 210-224; 250-294; 336-376; 402-438; 444-477
ae21_038	ae21_038.xml	True	5	57-75; 87-116; 124-164; 188-203; 211-227
ae21_039	ae21_039.xml	True	14	71-86; 121-136; 144-176; 199-231; 270-289; 321-355; 371-406; 416-434; 458-485; 494-529; 538-547; 590-609; 626-642; 652-663
ae21_040	ae21_040.xml	True	6	35-59; 64-89; 100-137; 168-182; 223-239; 270-283
ae21_041	ae21_041.xml	True	5	45-62; 69-97; 126-135; 177-195; 202-215
ae21_042	ae21_042.xml	True	4	27-64; 81-98; 137-157; 171-199
ae21_043	ae21_043.xml	True	3	45-82; 92-132; 156-180
ae21_044	ae21_044.xml	True	11	46-64; 71-95; 112-134; 172-187; 199-227; 279-300; 308-314; 351-374; 402-424; 446-458; 468-479
ae21_045	ae21_045.xml	True	2	37-69; 87-117
ae21_046	ae21_046.xml	True	8	85-99; 136-165; 175-196; 217-269; 285-304; 311-336; 375-410; 417-417
ae21_047	ae21_047.xml	True	6	52-84; 92-125; 136-136; 183-206; 229-250; 258-272
ae21_048	ae21_048.xml	True	6	38-72; 96-110; 151-185; 193-224; 243-260; 266-280
ae21_049	ae21_049.xml	True	4	37-66; 74-119; 147-170; 199-222
ae21_050	ae21_050.xml	True	3	91-123; 161-177; 186-221
ae21_051	ae21_051.xml	True	7	33-46; 58-71; 117-142; 164-188; 194-218; 227-278; 311-330
ae21_052	ae21_052.xml	True	4	55-83; 134-156; 166-197; 211-247
ae21_053	ae21_053.xml	True	11	45-52; 96-122; 148-167; 189-210; 217-231; 241-290; 307-328; 351-386; 398-422; 438-447; 459-475
ae21_054	ae21_054.xml	True	8	43-86; 100-128; 136-167; 215-241; 248-304; 338-361; 385-430; 440-465
ae21_055	ae21_055.xml	True	8	40-71; 79-79; 117-142; 162-178; 188-200; 213-250; 317-338; 364-379
ae21_056	ae21_056.xml	True	6	16-49; 65-113; 121-130; 171-200; 240-277; 322-344
ae21_057	ae21_057.xml	True	6	32-40; 83-141; 155-197; 205-229; 251-271; 277-301
ae21_058	ae21_058.xml	True	3	43-79; 98-139; 171-194
ae21_059	ae21_059.xml	True	7	48-75; 115-134; 154-183; 208-254; 278-313; 350-360; 404-421
ae21_060	ae21_060.xml	True	9	44-49; 74-101; 120-153; 185-201; 207-227; 236-278; 299-337; 376-402; 443-461
ae26_001	ae26_001.xml	True	7	62-105; 134-151; 157-197; 219-255; 286-286; 299-299; 340-357
ae26_002	ae26_002.xml	True	7	44-80; 89-102; 107-140; 151-185; 203-237; 262-274; 283-292
ae26_003	ae26_003.xml	True	7	95-113; 117-129; 137-161; 184-208; 222-227; 240-273; 334-357
ae26_004	ae26_004.xml	True	7	33-62; 70-95; 124-166; 176-181; 192-234; 280-308; 315-341
ae26_005	ae26_005.xml	True	7	85-109; 122-137; 167-185; 211-305; 311-311; 332-354; 362-373
ae26_006	ae26_006.xml	True	12	58-58; 102-111; 139-139; 185-194; 208-217; 224-253; 317-343; 349-349; 389-404; 426-450; 460-474; 484-490
ae26_007	ae26_007.xml	True	4	67-81; 135-155; 163-190; 200-227
ae26_008	ae26_008.xml	True	3	54-96; 106-117; 161-184
ae26_009	ae26_009.xml	True	3	79-107; 123-177; 206-234
ae26_010	ae26_010.xml	True	3	85-98; 143-176; 183-183
ae26_011	ae26_011.xml	True	6	76-108; 124-173; 179-189; 198-207; 214-256; 301-327
ae26_012	ae26_012.xml	True	5	49-79; 88-109; 129-208; 234-244; 253-263
ae26_013	ae26_013.xml	True	3	28-72; 84-131; 145-189
ae26_014	ae26_014.xml	True	7	66-105; 137-137; 178-201; 218-236; 242-258; 262-305; 370-398
ae26_015	ae26_015.xml	True	5	44-62; 79-126; 159-177; 215-232; 243-259
ae26_016	ae26_016.xml	True	5	66-78; 89-118; 125-144; 159-174; 182-196
ae26_017	ae26_017.xml	True	7	58-95; 106-129; 151-166; 178-242; 253-265; 280-289; 297-310
ae26_018	ae26_018.xml	True	4	43-63; 88-128; 169-180; 214-218
ae26_019	ae26_019.xml	True	3	119-119; 158-200; 216-246
ae26_020	ae26_020.xml	True	6	35-69; 123-143; 172-195; 203-214; 220-310; 386-421
ae26_021	ae26_021.xml	True	6	31-72; 121-121; 169-209; 217-241; 255-266; 281-286
ae26_022	ae26_022.xml	True	7	104-128; 136-175; 188-267; 276-324; 393-428; 447-465; 473-484
ae26_023	ae26_023.xml	True	9	37-64; 83-83; 113-138; 155-173; 182-196; 203-254; 304-319; 346-369; 384-394
ae26_024	ae26_024.xml	True	5	63-96; 109-131; 153-161; 195-195; 235-284
ae26_025	ae26_025.xml	True	9	51-83; 91-110; 120-134; 188-218; 232-249; 264-278; 295-322; 394-418; 425-464
ae26_026	ae26_026.xml	True	16	54-88; 100-144; 190-190; 213-213; 221-232; 243-273; 307-349; 360-377; 409-422; 441-441; 482-495; 501-514; 526-558; 628-661; 673-698; 707-721
ae26_027	ae26_027.xml	True	6	74-112; 119-150; 170-225; 243-261; 321-348; 354-375
ae26_028	ae26_028.xml	True	8	105-105; 145-167; 180-195; 232-243; 250-266; 275-325; 351-359; 405-436
ae26_029	ae26_029.xml	True	6	32-56; 101-101; 144-171; 179-197; 213-218; 230-236
ae26_030	ae26_030.xml	True	10	84-98; 108-150; 191-218; 237-270; 298-312; 323-336; 345-370; 427-449; 473-473; 514-530
ae26_031	ae26_031.xml	True	8	117-146; 154-176; 205-218; 226-240; 248-254; 295-299; 351-360; 391-418
ae26_032	ae26_032.xml	True	5	109-159; 171-202; 211-269; 289-311; 321-330
ae26_033	ae26_033.xml	True	6	94-102; 116-181; 192-226; 251-251; 303-352; 387-412
ae26_034	ae26_034.xml	True	7	42-74; 87-87; 133-150; 157-170; 180-234; 318-378; 386-424
ae26_035	ae26_035.xml	True	8	91-110; 161-186; 223-223; 268-280; 289-328; 429-475; 489-551; 562-562
ae26_036	ae26_036.xml	True	4	107-107; 155-178; 194-209; 217-225
ae26_037	ae26_037.xml	True	7	56-81; 92-196; 208-251; 264-305; 359-419; 417-496; 503-519
ae26_038	ae26_038.xml	True	7	27-69; 78-102; 119-126; 141-147; 161-196; 277-307; 315-404
ae26_039	ae26_039.xml	True	7	82-82; 163-184; 197-239; 262-335; 366-385; 418-418; 460-471
ae26_040	ae26_040.xml	True	4	99-122; 183-206; 218-245; 260-278
ae26_041	ae26_041.xml	True	7	43-111; 121-140; 148-189; 205-262; 292-322; 341-358; 368-379
ae26_042	ae26_042.xml	True	5	85-97; 155-176; 192-270; 282-293; 303-312
ae26_043	ae26_043.xml	True	6	86-94; 143-143; 152-205; 213-227; 241-248; 264-270
ae26_044	ae26_044.xml	True	6	39-68; 104-104; 130-183; 190-210; 229-244; 254-269
ae26_045	ae26_045.xml	True	7	90-119; 129-180; 216-225; 232-285; 326-346; 354-379; 393-420
ae26_046	ae26_046.xml	True	9	50-88; 98-124; 159-197; 217-238; 247-257; 266-285; 343-365; 384-460; 468-487
ae26_047	ae26_047.xml	True	3	84-129; 158-163; 232-263
ae26_048	ae26_048.xml	True	7	72-107; 139-198; 204-216; 265-290; 347-371; 381-384; 423-454
ae26_049	ae26_049.xml	True	7	112-173; 181-205; 236-243; 254-262; 270-324; 407-431; 478-500
ae26_050	ae26_050.xml	True	16	39-107; 119-143; 153-173; 190-232; 261-266; 274-288; 333-367; 388-407; 421-463; 471-490; 507-533; 543-550; 559-598; 699-739; 751-751; 798-802
ae26_051	ae26_051.xml	True	4	99-123; 143-171; 213-261; 282-318
ae26_052	ae26_052.xml	True	8	102-114; 190-200; 207-219; 246-253; 262-271; 284-344; 373-377; 434-453
ae26_053	ae26_053.xml	True	5	92-139; 149-149; 175-213; 235-275; 298-298
ae26_054	ae26_054.xml	True	16	53-116; 126-150; 161-174; 196-223; 249-255; 267-302; 347-378; 395-413; 428-458; 466-491; 503-521; 529-544; 552-588; 684-721; 734-749; 804-827
ae26_055	ae26_055.xml	True	4	53-66; 82-101; 124-154; 162-180
ae26_056	ae26_056.xml	True	8	105-105; 158-170; 187-236; 259-267; 278-284; 294-304; 357-396; 407-424
ae26_057	ae26_057.xml	True	8	45-91; 102-128; 144-177; 191-247; 255-267; 301-320; 332-350; 358-374
ae26_058	ae26_058.xml	True	11	57-74; 103-113; 152-152; 184-229; 250-269; 283-303; 324-337; 344-373; 453-490; 509-552; 560-584
ae26_059	ae26_059.xml	True	13	38-95; 106-117; 126-133; 203-216; 225-249; 270-285; 294-311; 317-355; 395-442; 462-484; 495-534; 554-576; 586-593
ae26_060	ae26_060.xml	True	4	76-104; 113-133; 142-163; 198-233
ae29_001	ae29_001.xml	True	3	157-157; 222-281; 295-295
ae29_002	ae29_002.xml	True	5	49-101; 109-127; 134-192; 217-244; 256-265
ae29_003	ae29_003.xml	True	10	42-68; 82-82; 120-130; 170-187; 221-221; 274-342; 392-392; 462-501; 509-532; 541-564
ae29_004	ae29_004.xml	True	10	64-74; 86-128; 136-145; 164-199; 210-221; 232-255; 328-346; 362-390; 403-453; 472-524
ae29_005	ae29_005.xml	True	9	26-51; 73-100; 109-142; 163-202; 250-286; 381-381; 389-399; 409-435; 467-497
ae29_006	ae29_006.xml	True	10	44-70; 81-104; 114-114; 152-178; 186-200; 209-218; 229-264; 300-309; 322-327; 369-385
ae29_007	ae29_007.xml	True	3	38-53; 62-116; 131-207
ae29_008	ae29_008.xml	True	7	30-30; 60-75; 110-137; 189-228; 236-263; 285-326; 335-351
ae29_009	ae29_009.xml	True	9	39-60; 78-96; 101-144; 171-180; 192-198; 212-245; 260-279; 316-316; 358-388
ae29_010	ae29_010.xml	True	8	89-104; 113-113; 147-163; 183-204; 213-225; 235-244; 250-386; 438-463
ae29_011	ae29_011.xml	True	9	49-73; 81-127; 136-143; 166-171; 219-289; 300-323; 382-396; 410-444; 462-484
ae29_012	ae29_012.xml	True	10	63-71; 80-87; 97-123; 146-170; 176-187; 199-239; 277-364; 371-384; 406-433; 441-489
ae29_013	ae29_013.xml	True	9	35-43; 69-105; 129-129; 165-165; 200-222; 229-253; 275-295; 314-341; 351-357
ae29_014	ae29_014.xml	True	3	103-118; 146-198; 210-222
ae29_015	ae29_015.xml	True	5	50-111; 123-145; 165-238; 245-260; 268-338
ae29_016	ae29_016.xml	True	14	64-118; 123-132; 144-151; 160-195; 219-289; 324-334; 346-351; 367-385; 414-462; 490-502; 519-562; 594-624; 643-668; 678-685
ae29_017	ae29_017.xml	True	5	64-86; 92-132; 155-170; 205-222; 262-286
ae29_018	ae29_018.xml	True	5	72-85; 128-169; 197-233; 273-299; 305-320
ae29_019	ae29_019.xml	True	3	81-112; 118-140; 175-244
ae29_020	ae29_020.xml	True	12	55-75; 82-96; 118-146; 167-168; 212-228; 241-286; 321-354; 387-398; 405-423; 453-475; 494-496; 545-559
ae29_021	ae29_021.xml	True	4	28-79; 86-96; 1044-147; 159-159
ae29_022	ae29_022.xml	True	7	70-70; 106-127; 151-176; 218-253; 269-286; 323-323; 382-406
ae29_023	ae29_023.xml	True	7	175-188; 195-261; 267-290; 324-347; 446-454; 481-547; 553-590
ae29_024	ae29_024.xml	True	5	36-86; 143-192; 198-211; 235-316; 324-334
ae29_025	ae29_025.xml	True	16	16-38; 48-81; 114-144; 151-163; 173-186; 196-227; 282-316; 324-375; 385-398; 420-420; 448-458; 490-506; 520-527; 604-604; 649-672; 678-702
ae29_026	ae29_026.xml	True	7	29-51; 91-91; 130-140; 158-178; 183-196; 206-206; 269-284
ae29_027	ae29_027.xml	True	6	28-76; 94-94; 131-142; 157-177; 201-201; 238-249
ae29_028	ae29_028.xml	True	7	57-105; 113-124; 138-164; 177-188; 223-230; 273-286; 299-316
ae29_029	ae29_029.xml	True	8	39-52; 61-61; 89-112; 129-138; 147-161; 172-172; 250-274; 282-282
ae29_030	ae29_030.xml	True	7	45-80; 101-124; 147-171; 188-211; 255-255; 305-311; 324-334
ae29_031	ae29_031.xml	True	7	90-109; 115-133; 181-181; 214-221; 233-234; 294-361; 365-373
ae29_032	ae29_032.xml	True	7	128-128; 143-195; 202-216; 224-248; 272-298; 316-331; 348-349
ae29_033	ae29_033.xml	True	11	83-83; 109-117; 136-158; 187-187; 222-229; 241-267; 313-334; 353-376; 387-406; 421-450; 459-471
ae29_034	ae29_034.xml	True	10	89-96; 121-134; 146-146; 176-192; 215-237; 285-309; 332-332; 369-382; 389-437; 447-497
ae29_035	ae29_035.xml	True	10	75-92; 101-133; 156-194; 282-282; 293-352; 362-397; 498-498; 543-543; 583-622; 630-640
ae29_036	ae29_036.xml	True	8	73-87; 107-125; 138-158; 183-204; 223-250; 260-270; 283-318; 377-390
ae29_037	ae29_037.xml	True	12	131-131; 170-184; 192-227; 247-289; 326-340; 366-417; 477-520; 528-550; 569-598; 4-640; 648-648; 697-727
ae29_038	ae29_038.xml	True	2	49-83; 99-127
ae29_039	ae29_039.xml	True	9	21-40; 68-82; 90-114; 143-170; 221-230; 288-319; 327-334; 341-357; 399-416
ae29_040	ae29_040.xml	True	4	51-76; 85-108; 128-128; 180-192
ae29_041	ae29_041.xml	True	6	34-78; 100-100; 152-175; 182-200; 220-238; 248-259
ae29_042	ae29_042.xml	True	4	57-149; 177-177; 219-255; 262-271
ae29_043	ae29_043.xml	True	8	43-70; 84-103; 126-140; 176-198; 207-240; 281-287; 296-344; 411-430
ae29_044	ae29_044.xml	True	12	77-77; 120-146; 165-165; 200-229; 307-317; 345-393; 402-423; 451-501; 527-552; 559-572; 582-614; 624-624
ae29_045	ae29_045.xml	True	8	32-71; 90-90; 124-142; 149-174; 200-226; 251-251; 321-350; 361-365
ae29_046	ae29_046.xml	True	10	88-94; 117-137; 152-195; 224-230; 241-247; 260-287; 351-355; 384-384; 405-418; 440-440
ae29_047	ae29_047.xml	True	7	66-124; 136-142; 152-168; 185-216; 246-251; 274-288; 300-310
ae29_048	ae29_048.xml	True	11	82-82; 112-121; 142-164; 188-196; 231-241; 252-269; 317-332; 354-372; 381-400; 419-447; 465-465
ae29_049	ae29_049.xml	True	3	74-111; 155-214; 224-245
ae29_050	ae29_050.xml	True	3	141-159; 201-211; 225-266
ae29_051	ae29_051.xml	True	6	40-57; 66-89; 105-134; 145-185; 209-211; 221-225
ae29_052	ae29_052.xml	True	5	29-29; 61-61; 103-120; 142-166; 181-211
ae29_053	ae29_053.xml	True	10	80-80; 121-131; 145-145; 178-195; 224-231; 273-318; 340-340; 382-390; 398-432; 440-481
ae29_054	ae29_054.xml	True	6	26-36; 57-76; 85-109; 131-175; 200-218; 230-232
ae29_055	ae29_055.xml	True	14	141-141; 167-184; 193-220; 243-274; 316-324; 358-380; 448-475; 487-505; 527-543; 557-578; 590-590; 633-651; 673-693; 704-714
ae29_056	ae29_056.xml	True	3	38-64; 83-133; 153-155
ae29_057	ae29_057.xml	True	12	64-82; 89-102; 126-144; 167-181; 216-225; 245-262; 299-325; 361-368; 383-395; 425-440; 458-464; 512-522
ae29_058	ae29_058.xml	True	5	39-61; 76-90; 131-131; 176-188; 196-203
ae29_059	ae29_059.xml	True	3	72-101; 113-124; 147-194
ae37_001	ae37_001.xml	True	6	40-40; 61-61; 95-95; 125-125; 165-170; 192-192
ae37_002	ae37_002.xml	True	8	81-88; 131-160; 191-212; 245-262; 273-292; 353-365; 383-421; 428-428
ae37_003	ae37_003.xml	True	5	32-32; 58-80; 107-123; 131-134; 153-183
ae37_004	ae37_004.xml	True	9	38-38; 56-56; 95-95; 114-116; 131-131; 156-193; 230-230; 249-271; 291-306
ae37_005	ae37_005.xml	True	7	76-81; 103-108; 125-167; 175-214; 261-273; 297-305; 314-321
ae37_006	ae37_006.xml	True	9	49-49; 84-98; 147-147; 180-180; 207-207; 228-235; 270-277; 296-296; 308-308
ae37_007	ae37_007.xml	True	14	33-56; 81-98; 133-140; 156-156; 171-171; 196-214; 255-275; 296-296; 330-330; 351-404; 424-424; 456-456; 494-501; 509-509
ae37_008	ae37_008.xml	True	16	42-42; 57-74; 110-133; 139-139; 158-158; 182-223; 260-286; 303-320; 338-348; 376-384; 417-429; 461-491; 502-520; 557-557; 601-604; 614-619
ae37_009	ae37_009.xml	True	12	39-39; 65-77; 95-115; 159-176; 226-226; 254-268; 278-291; 229-351; 376-376; 389-389; 400-443; 451-467
ae37_010	ae37_010.xml	True	4	44-59; 91-123; 159-199; 230-231
ae37_011	ae37_011.xml	True	3	33-36; 72-103; 130-177
ae37_012	ae37_012.xml	True	4	47-67; 103-134; 177-182; 191-203
ae37_013	ae37_013.xml	True	3	41-41; 64-108; 152-192
ae37_014	ae37_014.xml	True	6	15-15; 37-37; 60-60; 86-92; 132-132; 146-146
ae37_015	ae37_015.xml	True	14	76-76; 90-90; 115-149; 174-205; 241-241; 274-332; 368-388; 397-404; 430-444; 464-500; 512-512; 554-554; 570-570; 584-584
ae37_016	ae37_016.xml	True	10	48-48; 60-77; 98-98; 137-137; 175-179; 188-207; 245-245; 292-292; 316-339; 358-394
ae37_017	ae37_017.xml	True	3	92-104; 154-154; 176-212
ae37_018	ae37_018.xml	True	6	53-57; 90-111; 137-142; 170-231; 234-234; 249-249
ae37_019	ae37_019.xml	True	10	54-60; 93-93; 118-118; 154-154; 184-192; 218-245; 287-302; 334-334; 365-422; 434-450
ae37_020	ae37_020.xml	True	4	37-53; 84-89; 129-143; 182-182
ae37_021	ae37_021.xml	True	11	42-86; 110-122; 157-166; 184-184; 200-200; 227-252; 359-363; 377-397; 416-416; 454-454; 470-470
ae37_022	ae37_022.xml	True	11	45-50; 78-78; 99-113; 139-139; 155-155; 183-216; 249-260; 291-291; 313-323; 345-347; 356-356
ae37_023	ae37_023.xml	True	7	27-32; 47-77; 102-117; 152-161; 223-233; 249-252; 278-310
ae37_024	ae37_024.xml	True	4	29-40; 79-93; 130-140; 174-174
ae37_025	ae37_025.xml	True	8	39-42; 71-99; 140-206; 211-211; 224-224; 249-274; 321-321; 340-346
ae37_026	ae37_026.xml	True	9	43-53; 66-84; 123-140; 156-156; 180-180; 200-209; 247-247; 278-295; 327-357
ae37_027	ae37_027.xml	True	5	51-51; 82-82; 106-106; 126-126; 142-142
ae37_028	ae37_028.xml	True	9	41-48; 68-75; 86-94; 136-148; 170-172; 182-182; 205-205; 234-249; 158-275
ae37_029	ae37_029.xml	True	9	102-113; 124-124; 175-175; 187-187; 208-240; 290-300; 309-314; 337-337; 363-410
ae37_030	ae37_030.xml	True	10	36-57; 103-107; 162-170; 195-267; 276-284; 301-301; 325-344; 382-398; 431-431; 454-454
ae37_031	ae37_031.xml	True	9	51-62; 91-97; 148-148; 184-184; 205-205; 220-236; 269-285; 296-296; 319-319
ae37_032	ae37_032.xml	True	8	69-69; 96-133; 139-139; 151-151; 174-174; 204-204; 221-235; 276-284
ae37_033	ae37_033.xml	True	5	45-45; 55-55; 77-107; 150-150; 167-167
ae37_034	ae37_034.xml	True	14	53-53; 66-66; 88-106; 139-167; 194-194; 200-200; 229-256; 300-300; 331-336; 370-400; 427-440; 449-463; 484-484; 503-503
ae37_035	ae37_035.xml	True	9	32-32; 44-62; 98-107; 145-150; 173-173; 191-191; 226-227; 246-291; 300-320
ae37_036	ae37_036.xml	True	10	39-44; 66-66; 88-139; 150-160; 171-171; 188-188; 209-233; 259-276; 314-314; 360-360
ae37_037	ae37_037.xml	True	7	58-58; 78-90; 107-159; 167-171; 200-215; 240-240; 253-253
ae37_038	ae37_038.xml	True	4	56-56; 88-88; 110-110; 133-133
ae37_039	ae37_039.xml	True	12	80-83; 92-98; 129-151; 182-195; 245-260; 272-300; 338-368; 422-422; 440-440; 484-484; 500-519; 562-570
ae37_040	ae37_040.xml	True	7	49-54; 72-114; 146-150; 177-185; 233-233; 263-263; 291-294
ae37_041	ae37_041.xml	True	6	53-53; 71-83; 123-123; 145-145; 181-181; 216-233
ae37_042	ae37_042.xml	True	4	62-74; 97-101; 122-161; 197-197
ae37_043	ae37_043.xml	True	3	73-73; 117-152; 164-178
ae37_044	ae37_044.xml	True	11	41-56; 86-90; 107-117; 144-156; 193-193; 219-221; 243-272; 317-337; 347-347; 366-375; 413-413
ae37_045	ae37_045.xml	True	6	75-75; 104-104; 115-142; 174-174; 210-210; 233-242
ae37_046	ae37_046.xml	True	4	46-64; 71-73; 90-102; 142-142
ae37_047	ae37_047.xml	True	6	30-50; 85-131; 164-164; 180-180; 208-245; 286-294
ae37_048	ae37_048.xml	True	5	67-92; 103-112; 137-172; 192-192; 217-217
ae37_049	ae37_049.xml	True	8	46-46; 72-79; 99-127; 163-181; 188-188; 205-205; 227-252; 296-316
ae37_050	ae37_050.xml	True	8	88-95; 129-163; 187-194; 230-254; 262-287; 350-352; 374-402; 412-412
ae37_051	ae37_051.xml	True	4	47-71; 101-113; 134-136; 156-156
ae37_052	ae37_052.xml	True	12	60-60; 87-92; 114-128; 136-148; 170-170; 188-214; 255-255; 274-322; 362-374; 406-406; 459-459; 485-496
ae37_053	ae37_053.xml	True	3	29-29; 57-57; 106-114
ae37_054	ae37_054.xml	True	2	50-64; 92-106
ae37_055	ae37_055.xml	True	11	59-59; 92-92; 126-126; 168-198; 228-234; 256-272; 302-302; 332-348; 397-404; 429-434; 446-456
ae37_056	ae37_056.xml	True	9	53-53; 104-104; 127-127; 146-156; 194-197; 220-220; 244-271; 315-315; 337-338
ae37_057	ae37_057.xml	True	3	39-49; 73-86; 117-142
ae37_058	ae37_058.xml	True	8	34-58; 71-71; 89-104; 119-130; 156-175; 211-221; 243-243; 259-259
ae37_059	ae37_059.xml	True	8	36-47; 73-93; 127-138; 183-197; 208-225; 269-269; 290-310; 356-366
ae38_001	ae38_001.xml	True	12	36-37; 71-76; 88-112; 154-163; 202-209; 231-239; 250-263; 308-331; 354-367; 376-382; 390-426; 436-436
ae38_002	ae38_002.xml	True	12	35-38; 53-62; 91-105; 128-128; 154-168; 181-181; 213-228; 275-275; 288-296; 321-321; 334-343; 389-406
ae38_003	ae38_003.xml	True	8	41-41; 69-69; 82-90; 117-129; 141-150; 191-200; 227-244; 255-283
ae38_004	ae38_004.xml	True	12	39-41; 52-60; 89-99; 111-116; 144-153; 177-183; 198-198; 214-234; 259-270; 280-291; 300-323; 348-366
ae38_005	ae38_005.xml	True	10	41-54; 66-70; 84-92; 117-131; 170-170; 184-186; 197-207; 248-254; 279-284; 295-295
ae38_006	ae38_006.xml	True	4	59-66; 82-85; 112-124; 137-153
ae38_007	ae38_007.xml	True	2	37-46; 61-77
ae38_008	ae38_008.xml	True	7	25-25; 44-52; 64-84; 113-121; 165-180; 204-207; 217-223
ae38_009	ae38_009.xml	True	9	33-36; 50-59; 88-103; 118-122; 139-139; 155-169; 201-217; 245-245; 262-267
ae38_010	ae38_010.xml	True	4	50-60; 74-81; 98-112; 125-131
ae38_011	ae38_011.xml	True	4	50-77; 104-123; 135-143; 179-191
ae38_012	ae38_012.xml	True	9	48-52; 81-81; 113-124; 145-155; 226-237; 247-262; 288-288; 307-307; 333-347
ae38_013	ae38_013.xml	True	5	36-51; 61-65; 105-111; 120-129; 140-145
ae38_014	ae38_014.xml	True	9	35-44; 67-71; 107-111; 133-133; 145-148; 162-185; 224-235; 281-305; 333-353
ae38_015	ae38_015.xml	True	11	43-43; 67-81; 109-124; 137-148; 182-197; 231-234; 244-248; 260-284; 315-325; 370-379; 402-416
ae38_016	ae38_016.xml	True	16	37-46; 57-66; 81-90; 121-125; 162-176; 186-209; 238-252; 275-284; 297-321; 333-339; 362-375; 385-386; 400-413; 466-477; 486-498; 521-538
ae38_017	ae38_017.xml	True	6	41-45; 82-91; 98-103; 141-150; 181-188; 200-205
ae38_018	ae38_018.xml	True	8	52-58; 83-104; 137-145; 194-205; 213-230; 261-265; 278-296; 335-347
ae38_019	ae38_019.xml	True	6	36-45; 54-80; 101-110; 121-132; 152-168; 199-227
ae38_020	ae38_020.xml	True	4	44-61; 75-75; 101-101; 125-153
ae38_021	ae38_021.xml	True	7	45-64; 87-98; 125-134; 149-149; 179-187; 211-219; 234-239
ae38_022	ae38_022.xml	True	3	44-47; 61-80; 106-130
ae38_023	ae38_023.xml	True	8	39-53; 65-72; 84-75; 109-134; 145-156; 191-217; 260-262; 277-277
ae38_024	ae38_024.xml	True	8	24-27; 41-41; 65-75; 98-105; 114-119; 132-150; 213-216; 225-225
ae38_025	ae38_025.xml	True	14	91-91; 120-135; 144-154; 181-187; 219-228; 258-281; 309-317; 326-331; 355-358; 375-394; 408-408; 431-438; 461-468; 479-483
ae38_026	ae38_026.xml	True	3	41-45; 63-82; 122-145
ae38_027	ae38_027.xml	True	5	24-33; 41-56; 86-88; 111-117; 127-135
ae38_028	ae38_028.xml	True	6	29-36; 62-70; 93-107; 150-156; 193-204; 212-218
ae38_029	ae38_029.xml	True	16	39-44; 55-72; 106-120; 134-136; 152-158; 171-190; 221-233; 242-259; 272-276; 300-304; 323-331; 357-374; 387-398; 432-432; 450-464; 471-480
ae38_030	ae38_030.xml	True	4	46-52; 68-74; 91-97; 120-150
ae38_031	ae38_031.xml	True	8	35-36; 48-76; 118-130; 163-198; 267-284; 308-325; 334-348; 367-406
ae38_032	ae38_032.xml	True	10	40-43; 69-74; 83-118; 133-139; 163-163; 179-187; 200-213; 261-274; 317-317; 340-357
ae38_033	ae38_033.xml	True	3	64-77; 102-102; 126-130
ae38_034	ae38_034.xml	True	5	29-29; 58-71; 77-90; 112-123; 136-142
ae38_035	ae38_035.xml	True	5	62-62; 86-94; 129-135; 160-168; 179-185
ae38_036	ae38_036.xml	True	3	30-36; 49-87; 109-120
ae38_037	ae38_037.xml	True	8	23-28; 46-46; 67-71; 96-102; 128-134; 147-151; 165-183; 217-217
ae38_038	ae38_038.xml	True	11	45-45; 70-71; 96-106; 133-139; 156-156; 168-187; 215-222; 242-244; 263-273; 300-305; 318-321
ae38_039	ae38_039.xml	True	9	46-54; 67-69; 86-86; 115-123; 160-161; 188-210; 247-250; 275-278; 292-301
ae38_040	ae38_040.xml	True	7	56-63; 77-80; 96-107; 124-137; 169-179; 200-209; 222-234
ae38_041	ae38_041.xml	True	6	42-58; 90-99; 135-138; 152-152; 167-189; 243-253
ae38_042	ae38_042.xml	True	9	66-78; 86-108; 120-126; 154-154; 167-168; 184-200; 239-246; 287-287; 310-339
ae38_043	ae38_043.xml	True	7	40-49; 76-76; 95-100; 124-126; 134-146; 154-173; 208-222
ae38_044	ae38_044.xml	True	16	34-34; 49-71; 106-113; 135-135; 148-150; 167-185; 221-234; 245-251; 289-297; 307-307; 330-340; 351-355; 370-394; 438-446; 476-485; 496-502
ae38_045	ae38_045.xml	True	6	22-22; 34-34; 55-67; 105-111; 136-138; 150-158
ae38_046	ae38_046.xml	True	3	47-51; 65-75; 99-125
ae38_047	ae38_047.xml	True	4	48-57; 92-105; 125-133; 154-164
ae38_048	ae38_048.xml	True	4	43-51; 74-81; 103-117; 143-151
ae38_049	ae38_049.xml	True	16	27-28; 40-46; 79-91; 100-108; 118-122; 135-150; 181-193; 205-217; 227-238; 261-266; 284-284; 310-329; 340-356; 392-400; 421-424; 434-439
ae38_050	ae38_050.xml	True	5	37-54; 66-72; 88-107; 137-141; 150-157
ae38_051	ae38_051.xml	True	13	72-72; 96-106; 113-128; 155-172; 208-217; 246-267; 299-308; 318-324; 349-349; 368-380; 391-397; 415-421; 434-442
ae38_052	ae38_052.xml	True	10	35-42; 55-61; 73-75; 88-102; 131-140; 152-156; 182-202; 232-246; 255-261; 274-283
ae38_053	ae38_053.xml	True	9	39-44; 64-73; 86-86; 123-132; 157-163; 176-177; 189-189; 221-242; 250-259
ae38_054	ae38_054.xml	True	3	43-43; 65-72; 96-102
ae38_055	ae38_055.xml	True	2	47-58; 81-101
ae38_056	ae38_056.xml	True	6	27-33; 44-44; 53-70; 101-101; 124-141; 151-161
ae38_057	ae38_057.xml	True	3	42-42; 71-86; 93-105
ae38_058	ae38_058.xml	True	9	32-36; 73-97; 124-124; 146-146; 165-169; 179-192; 224-236; 260-271; 284-287
ae38_059	ae38_059.xml	True	9	60-68; 81-128; 141-141; 167-170; 183-186; 203-224; 256-272; 308-327; 352-371
ae53_001	ae53_001.xml	True	5	44-87; 100-100; 137-160; 179-237; 275-315
ae53_002	ae53_002.xml	True	4	69-87; 96-164; 195-222; 260-271
ae53_003	ae53_003.xml	True	9	109-131; 137-137; 180-223; 252-270; 277-290; 297-355; 420-436; 465-491; 500-530
ae53_004	ae53_004.xml	True	11	53-73; 93-116; 128-132; 179-218; 265-319; 417-438; 447-491; 504-547; 634-647; 663-692; 728-760
ae53_005	ae53_005.xml	True	3	37-54; 66-119; 143-177
ae53_006	ae53_006.xml	True	7	71-71; 109-137; 155-222; 263-300; 335-364; 403-403; 447-469
ae53_007	ae53_007.xml	True	8	110-127; 137-165; 175-235; 258-258; 275-348; 401-401; 424-476; 498-524
ae53_008	ae53_008.xml	True	8	36-64; 86-86; 126-153; 196-228; 236-247; 256-355; 408-434; 442-509
ae53_009	ae53_009.xml	True	11	143-156; 164-178; 187-232; 255-260; 274-366; 407-418; 428-428; 463-495; 525-540; 576-611; 618-633
ae53_010	ae53_010.xml	True	13	33-33; 68-77; 91-121; 133-155; 175-191; 200-211; 219-236; 328-356; 368-422; 437-492; 592-601; 612-633; 667-682
ae53_011	ae53_011.xml	True	4	40-49; 102-129; 147-170; 184-198
ae53_012	ae53_012.xml	True	6	32-81; 105-111; 128-140; 183-210; 257-283; 320-359
ae53_013	ae53_013.xml	True	6	48-63; 73-97; 129-129; 174-174; 218-242; 255-266
ae53_014	ae53_014.xml	True	12	54-79; 114-124; 133-176; 230-281; 371-371; 403-424; 437-473; 520-603; 649-666; 675-704; 720-790; 802-807
ae53_015	ae53_015.xml	True	11	62-66; 107-107; 152-166; 212-256; 282-307; 332-368; 407-424; 434-496; 586-594; 611-625; 633-654
ae53_016	ae53_016.xml	True	10	79-121; 127-194; 207-216; 257-290; 302-307; 321-367; 427-440; 453-453; 494-516; 532-571
ae53_017	ae53_017.xml	True	10	69-84; 120-170; 218-272; 285-285; 333-350; 374-422; 461-518; 572-601; 646-662; 697-733
ae53_018	ae53_018.xml	True	2	43-65; 88-123
ae53_019	ae53_019.xml	True	3	54-92; 139-139; 174-201
ae53_020	ae53_020.xml	True	3	60-88; 140-199; 210-227
ae53_021	ae53_021.xml	True	7	116-156; 167-197; 240-259; 276-282; 326-345; 370-400; 416-419
ae53_022	ae53_022.xml	True	7	44-69; 114-132; 145-163; 193-232; 264-346; 407-425; 436-501
ae53_023	ae53_023.xml	True	8	69-69; 120-133; 146-146; 173-211; 251-264; 300-345; 379-379; 416-437
ae53_024	ae53_024.xml	True	6	10-63; 73-104; 136-166; 182-190; 226-271; 332-392
ae53_025	ae53_025.xml	True	3	40-52; 64-118; 145-187
ae53_026	ae53_026.xml	True	5	115-146; 180-203; 246-304; 331-369; 404-429
ae53_027	ae53_027.xml	True	8	34-46; 58-58; 107-134; 164-195; 209-223; 235-245; 311-336; 347-388
ae53_028	ae53_028.xml	True	4	45-88; 100-111; 123-181; 202-202
ae53_029	ae53_029.xml	True	3	49-86; 94-112; 122-171
ae53_030	ae53_030.xml	True	4	95-143; 172-227; 256-317; 350-400
ae53_031	ae53_031.xml	True	6	60-75; 79-136; 166-197; 219-229; 240-287; 367-416
ae53_032	ae53_032.xml	True	3	105-131; 145-217; 230-256
ae53_033	ae53_033.xml	True	3	56-56; 100-111; 140-189
ae53_034	ae53_034.xml	True	4	32-55; 67-92; 101-178; 186-195
ae53_035	ae53_035.xml	True	4	35-45; 92-124; 161-188; 226-269
ae53_036	ae53_036.xml	True	4	67-86; 136-180; 197-235; 244-253
ae53_037	ae53_037.xml	True	14	105-105; 137-147; 158-193; 212-235; 274-294; 318-324; 376-388; 399-409; 428-476; 487-542; 554-554; 591-631; 660-670; 688-689
ae53_038	ae53_038.xml	True	4	40-86; 122-147; 158-178; 205-243
ae53_039	ae53_039.xml	True	7	43-69; 78-95; 104-130; 146-205; 234-247; 273-303; 319-326
ae53_040	ae53_040.xml	True	10	78-85; 133-155; 165-165; 194-220; 253-263; 298-335; 366-366; 409-434; 444-501; 513-533
ae53_041	ae53_041.xml	True	4	29-45; 93-96; 122-140; 155-162
ae53_042	ae53_042.xml	True	3	75-94; 106-143; 193-218
ae53_043	ae53_043.xml	True	6	65-102; 117-163; 204-261; 304-322; 417-446; 457-475
ae53_044	ae53_044.xml	True	4	82-110; 122-140; 150-153; 208-250
ae53_045	ae53_045.xml	True	3	30-48; 65-117; 145-195
ae53_046	ae53_046.xml	True	9	38-66; 104-128; 141-172; 217-247; 261-274; 287-352; 452-464; 502-527; 537-564
ae53_047	ae53_047.xml	True	8	64-109; 136-143; 183-243; 259-276; 288-296; 308-372; 423-423; 466-501
ae53_048	ae53_048.xml	True	14	105-105; 136-145; 152-192; 215-248; 288-296; 331-387; 424-446; 454-476; 492-531; 541-605; 613-613; 650-672; 701-717; 732-741
ae53_049	ae53_049.xml	True	14	122-122; 161-166; 178-206; 227-250; 301-301; 332-398; 425-443; 452-452; 474-512; 530-599; 610-610; 640-670; 690-710; 727-734
ae53_050	ae53_050.xml	True	12	34-67; 106-115; 126-172; 212-267; 350-371; 406-431; 440-462; 501-547; 597-614; 621-653; 666-719; 731-731
ae53_051	ae53_051.xml	True	11	130-130; 170-211; 250-284; 317-342; 353-360; 375-445; 481-500; 539-553; 564-581; 596-618; 630-640
ae53_052	ae53_052.xml	True	10	91-119; 156-184; 200-263; 296-305; 321-324; 344-378; 481-486; 505-505; 544-576; 597-597
ae53_053	ae53_053.xml	True	12	31-63; 72-88; 113-177; 208-228; 237-249; 260-306; 385-422; 460-486; 540-562; 597-607; 631-663; 700-731
ae53_054	ae53_054.xml	True	3	108-108; 140-158; 196-196
ae53_055	ae53_055.xml	True	16	48-66; 73-133; 168-190; 201-214; 224-234; 247-318; 365-391; 400-413; 423-449; 466-466; 512-532; 563-592; 609-632; 713-713; 762-780; 789-812
ae53_056	ae53_056.xml	True	9	92-112; 119-137; 145-193; 222-245; 257-275; 290-362; 438-444; 502-529; 540-569
ae53_057	ae53_057.xml	True	4	41-51; 89-116; 134-177; 196-196
ae53_058	ae53_058.xml	True	4	127-182; 211-228; 248-280; 290-307
ae53_059	ae53_059.xml	True	2	45-76; 94-121
ae57_001	ae57_001.xml	True	3	67-117; 138-165; 186-213
ae57_002	ae57_002.xml	True	7	27-39; 56-93; 128-143; 179-227; 236-251; 262-299; 358-376
ae57_003	ae57_003.xml	True	12	49-122; 133-151; 183-190; 212-225; 275-296; 314-354; 399-437; 479-514; 530-535; 580-599; 613-660; 698-720
ae57_004	ae57_004.xml	True	9	55-66; 84-142; 158-164; 198-220; 241-274; 284-284; 307-307; 355-380; 388-411
ae57_005	ae57_005.xml	True	6	50-56; 110-131; 156-187; 203-205; 227-270; 318-336
ae57_006	ae57_006.xml	True	4	120-138; 163-195; 208-243; 272-294
ae57_007	ae57_007.xml	True	6	65-82; 100-156; 166-182; 205-266; 317-330; 356-439
ae57_008	ae57_008.xml	True	5	51-56; 82-97; 142-195; 202-204; 218-230
ae57_009	ae57_009.xml	True	9	47-60; 89-143; 189-189; 225-239; 289-309; 322-367; 405-422; 443-468; 485-485
ae57_010	ae57_010.xml	True	6	37-56; 74-114; 148-188; 227-306; 364-374; 388-390
ae57_011	ae57_011.xml	True	8	44-57; 76-84; 132-149; 188-205; 231-237; 258-335; 411-428; 458-458
ae57_012	ae57_012.xml	True	6	42-72; 84-126; 150-160; 192-209; 232-270; 285-289
ae57_013	ae57_013.xml	True	6	49-78; 110-110; 151-164; 173-188; 211-239; 252-261
ae57_014	ae57_014.xml	True	3	82-101; 127-147; 159-173
ae57_015	ae57_015.xml	True	10	44-73; 85-133; 147-147; 194-194; 230-249; 267-267; 290-310; 349-362; 376-412; 433-460
ae57_016	ae57_016.xml	True	6	45-59; 76-131; 156-198; 207-230; 251-257; 311-336
ae57_017	ae57_017.xml	True	11	61-61; 102-102; 116-129; 153-162; 158-190; 206-311; 337-354; 375-389; 399-438; 454-468; 477-484
ae57_018	ae57_018.xml	True	7	63-72; 95-113; 130-176; 195-239; 303-339; 350-352; 411-426
ae57_019	ae57_019.xml	True	7	91-129; 141-141; 190-223; 236-275; 286-359; 397-443; 453-462
ae57_020	ae57_020.xml	True	12	46-127; 138-167; 189-222; 243-286; 316-318; 336-365; 401-451; 490-538; 550-576; 598-627; 635-683; 715-767
ae57_021	ae57_021.xml	True	5	50-72; 100-130; 152-179; 213-226; 240-277
ae57_022	ae57_022.xml	True	14	62-62; 105-124; 134-195; 217-275; 315-315; 352-418; 445-500; 510-520; 571-587; 600-652; 668-672; 725-725; 746-776; 786-793
ae57_023	ae57_023.xml	True	7	106-154; 164-193; 222-223; 243-248; 269-300; 326-342; 352-358
ae57_024	ae57_024.xml	True	9	70-81; 112-128; 136-172; 204-232; 247-254; 268-307; 361-377; 393-451; 462-476
ae57_025	ae57_025.xml	True	3	27-40; 53-53; 103-120
ae57_026	ae57_026.xml	True	6	54-94; 116-158; 183-243; 295-301; 327-345; 364-402
ae57_027	ae57_027.xml	True	4	50-72; 100-122; 143-159; 167-174
ae57_028	ae57_028.xml	True	7	54-70; 80-83; 91-115; 131-167; 197-216; 241-261; 275-278
ae57_029	ae57_029.xml	True	9	58-63; 71-81; 127-132; 164-192; 210-210; 233-276; 337-370; 397-415; 427-465
ae57_030	ae57_030.xml	True	4	45-74; 97-132; 143-175; 198-214
ae57_031	ae57_031.xml	True	4	29-68; 104-137; 154-163; 181-189
ae57_032	ae57_032.xml	True	4	45-92; 102-151; 172-188; 199-223
ae57_033	ae57_033.xml	True	3	55-69; 79-112; 147-171
ae57_034	ae57_034.xml	True	7	44-89; 118-155; 180-222; 233-244; 256-256; 313-355; 363-390
ae57_035	ae57_035.xml	True	8	30-49; 67-87; 143-163; 187-211; 224-247; 306-315; 339-384; 430-444
ae57_036	ae57_036.xml	True	8	38-78; 86-86; 102-124; 144-161; 179-179; 223-223; 267-278; 294-300
ae57_037	ae57_037.xml	True	5	36-61; 81-95; 105-149; 182-207; 218-226
ae57_038	ae57_038.xml	True	7	53-68; 82-102; 110-165; 198-242; 282-289; 318-363; 375-425
ae57_039	ae57_039.xml	True	3	83-83; 140-155; 168-225
ae57_040	ae57_040.xml	True	4	26-44; 66-94; 126-135; 161-182
ae57_041	ae57_041.xml	True	9	62-73; 100-136; 170-170; 223-223; 263-274; 282-324; 364-385; 412-431; 446-450
ae57_042	ae57_042.xml	True	8	46-59; 85-115; 150-171; 190-199; 220-261; 289-345; 358-378; 387-426
ae57_043	ae57_043.xml	True	3	86-113; 122-155; 195-216
ae57_044	ae57_044.xml	True	7	90-107; 127-140; 166-209; 218-291; 306-315; 346-358; 366-375
ae57_045	ae57_045.xml	True	10	27-31; 64-119; 129-145; 178-210; 232-235; 300-326; 340-381; 426-441; 464-464; 510-541
ae57_046	ae57_046.xml	True	6	52-68; 94-101; 138-150; 167-217; 249-272; 317-352
ae57_047	ae57_047.xml	True	5	46-76; 87-109; 126-145; 176-186; 194-208
ae57_048	ae57_048.xml	True	16	46-56; 72-99; 136-171; 182-189; 209-215; 235-288; 320-342; 356-374; 387-387; 408-420; 455-455; 499-506; 527-527; 594-623; 637-660; 670-694
ae57_049	ae57_049.xml	True	5	72-72; 115-119; 146-162; 182-209; 221-232
ae57_050	ae57_050.xml	True	4	46-46; 76-100; 126-142; 170-192
ae57_051	ae57_051.xml	True	16	47-54; 65-95; 139-180; 191-213; 223-237; 247-300; 356-363; 378-382; 394-402; 420-429; 462-462; 506-508; 525-525; 590-590; 631-660; 670-685
ae57_052	ae57_052.xml	True	2	47-111; 129-157
ae57_053	ae57_053.xml	True	4	42-42; 97-107; 146-217; 227-243
ae57_054	ae57_054.xml	True	7	52-96; 105-112; 121-164; 175-215; 255-273; 307-335; 351-355
ae57_055	ae57_055.xml	True	6	32-46; 64-64; 83-102; 134-161; 188-223; 233-248
ae57_056	ae57_056.xml	True	9	88-88; 138-155; 163-163; 212-224; 262-267; 307-370; 412-412; 466-501; 511-587
ae57_057	ae57_057.xml	True	9	28-98; 108-108; 155-160; 196-223; 232-240; 260-330; 361-395; 420-429; 442-508
ae57_058	ae57_058.xml	True	7	96-122; 137-174; 200-230; 245-245; 288-300; 328-353; 366-372
ae57_059	ae57_059.xml	True	8	71-152; 161-161; 217-230; 258-303; 313-326; 340-347; 368-400; 451-477
ae68_001	ae68_001.xml	True	8	63-67; 124-157; 171-219; 228-253; 294-317; 384-411; 427-457; 477-503
ae68_002	ae68_002.xml	True	7	78-112; 121-171; 216-230; 240-240; 272-299; 320-344; 369-369
ae68_003	ae68_003.xml	True	3	29-42; 51-101; 116-153
ae68_004	ae68_004.xml	True	3	81-91; 103-145; 193-231
ae68_005	ae68_005.xml	True	10	60-60; 111-116; 127-127; 164-182; 226-245; 283-304; 339-339; 394-406; 424-472; 485-523
ae68_006	ae68_006.xml	True	3	100-119; 132-180; 223-253
ae68_007	ae68_007.xml	True	9	57-89; 129-148; 163-163; 176-240; 255-276; 345-345; 408-427; 452-482; 493-502
ae68_008	ae68_008.xml	True	3	29-41; 56-88; 106-161
ae68_009	ae68_009.xml	True	11	59-110; 127-127; 172-172; 212-239; 256-277; 293-327; 367-381; 405-435; 481-489; 509-552; 560-570
ae68_010	ae68_010.xml	True	3	48-75; 88-99; 116-121
ae68_011	ae68_011.xml	True	3	60-78; 87-114; 152-167
ae68_012	ae68_012.xml	True	14	78-78; 114-116; 127-156; 177-218; 268-286; 321-350; 403-417; 428-452; 474-498; 507-549; 558-558; 606-616; 631-639; 654-658
ae68_013	ae68_013.xml	True	9	93-130; 145-158; 180-180; 228-234; 244-247; 266-289; 323-323; 361-377; 393-393
ae68_014	ae68_014.xml	True	7	46-77; 88-102; 115-135; 147-176; 215-235; 254-283; 301-307
ae68_015	ae68_015.xml	True	11	57-88; 114-136; 174-190; 224-251; 265-295; 319-347; 384-398; 421-453; 485-498; 517-558; 569-583
ae68_016	ae68_016.xml	True	4	45-92; 128-150; 170-203; 217-220
ae68_017	ae68_017.xml	True	6	56-122; 135-150; 185-185; 228-255; 299-323; 334-368
ae68_018	ae68_018.xml	True	8	55-76; 86-89; 103-109; 120-157; 188-196; 236-256; 285-338; 380-416
ae68_019	ae68_019.xml	True	6	46-74; 117-131; 159-161; 174-180; 117-225; 303-334
ae68_020	ae68_020.xml	True	5	42-64; 77-131; 169-169; 209-226; 232-240
ae68_021	ae68_021.xml	True	5	61-77; 88-96; 114-128; 152-184; 228-289
ae68_022	ae68_022.xml	True	6	107-139; 161-184; 223-243; 258-305; 313-315; 325-333
ae68_023	ae68_023.xml	True	6	51-70; 115-136; 156-172; 201-251; 314-327; 342-375
ae68_024	ae68_024.xml	True	9	29-49; 60-117; 126-126; 172-200; 245-257; 270-302; 322-331; 347-347; 375-409
ae68_025	ae68_025.xml	True	11	91-112; 127-173; 185-185; 220-228; 240-245; 260-263; 320-328; 366-402; 423-434; 495-528; 556-573
ae68_026	ae68_026.xml	True	10	108-125; 135-140; 158-166; 182-223; 241-280; 307-328; 342-393; 435-453; 485-530; 538-554
ae68_027	ae68_027.xml	True	7	31-69; 81-94; 108-109; 148-195; 228-244; 273-322; 331-342
ae68_028	ae68_028.xml	True	7	101-112; 124-182; 191-226; 241-291; 344-366; 394-403; 412-433
ae68_029	ae68_029.xml	True	3	86-100; 112-157; 202-237
ae68_030	ae68_030.xml	True	10	50-53; 65-75; 89-89; 136-164; 204-224; 242-242; 260-303; 340-350; 387-397; 412-428
ae68_031	ae68_031.xml	True	6	35-52; 70-96; 137-189; 242-266; 308-358; 365-381
ae68_032	ae68_032.xml	True	5	30-75; 87-87; 134-158; 177-218; 303-340
ae68_033	ae68_033.xml	True	12	78-101; 129-142; 155-176; 218-241; 278-295; 314-363; 375-386; 411-453; 483-502; 513-535; 549-593; 605-605
ae68_034	ae68_034.xml	True	5	67-107; 116-144; 178-191; 218-231; 242-243
ae68_035	ae68_035.xml	True	12	74-100; 110-128; 144-170; 191-204; 247-283; 292-323; 368-388; 438-466; 482-482; 522-552; 566-577; 631-657
ae68_036	ae68_036.xml	True	6	78-106; 118-127; 145-145; 187-223; 257-273; 285-297
ae68_037	ae68_037.xml	True	7	59-88; 97-112; 121-134; 176-200; 217-240; 267-272; 284-290
ae68_038	ae68_038.xml	True	4	129-146; 158-211; 259-287; 316-322
ae68_039	ae68_039.xml	True	3	64-77; 124-175; 198-198
ae68_040	ae68_040.xml	True	13	86-108; 116-142; 197-210; 228-250; 270-278; 293-312; 364-380; 397-428; 441-455; 477-506; 517-529; 543-546; 565-565
ae68_041	ae68_041.xml	True	5	51-87; 97-116; 158-171; 224-249; 276-313
ae68_042	ae68_042.xml	True	3	89-100; 142-157; 166-190
ae68_043	ae68_043.xml	True	5	95-104; 142-171; 205-229; 246-264; 280-282
ae68_044	ae68_044.xml	True	12	106-131; 140-156; 169-205; 225-253; 281-323; 335-350; 388-419; 481-492; 503-520; 546-556; 566-586; 633-647
ae68_045	ae68_045.xml	True	5	41-54; 62-130; 155-164; 189-204; 257-296
ae68_046	ae68_046.xml	True	6	55-78; 87-97; 137-137; 172-200; 247-260; 273-310
ae68_047	ae68_047.xml	True	8	100-125; 135-135; 173-198; 235-266; 275-282; 295-299; 318-366; 422-456
ae68_048	ae68_048.xml	True	8	43-50; 75-97; 111-151; 171-197; 235-247; 288-328; 340-360; 414-441
ae68_049	ae68_049.xml	True	8	96-138; 147-169; 187-204; 243-286; 325-336; 350-359; 375-422; 455-479
ae68_050	ae68_050.xml	True	7	97-106; 121-128; 158-193; 203-215; 257-284; 307-314; 331-331
ae68_051	ae68_051.xml	True	7	76-83; 93-133; 174-197; 222-255; 315-319; 358-358; 403-427
ae68_052	ae68_052.xml	True	11	46-50; 105-134; 146-168; 177-183; 215-228; 274-288; 297-305; 331-342; 374-397; 422-432; 444-448
ae68_053	ae68_053.xml	True	6	29-65; 96-108; 138-178; 189-207; 220-230; 247-257
ae68_054	ae68_054.xml	True	5	82-125; 136-156; 176-190; 244-262; 272-287
ae68_055	ae68_055.xml	True	7	108-131; 144-155; 170-209; 255-269; 330-330; 376-398; 407-421
ae68_056	ae68_056.xml	True	7	42-56; 111-111; 148-171; 210-213; 229-236; 255-255; 340-382
ae68_057	ae68_057.xml	True	12	83-96; 108-120; 154-183; 227-237; 256-258; 282-330; 370-374; 387-440; 454-476; 503-519; 546-602; 616-628
ae68_058	ae68_058.xml	True	3	90-101; 116-142; 184-244
ae69_001	ae69_001.xml	True	3	57-93; 116-122; 167-167
ae69_002	ae69_002.xml	True	9	40-59; 92-129; 138-154; 194-227; 243-248; 271-307; 350-369; 389-401; 412-497
ae69_003	ae69_003.xml	True	3	63-64; 107-120; 157-157
ae69_004	ae69_004.xml	True	5	110-131; 140-165; 186-203; 228-281; 300-300
ae69_005	ae69_005.xml	True	8	85-98; 111-148; 187-187; 218-232; 257-257; 273-313; 354-386; 395-410
ae69_006	ae69_006.xml	True	4	50-86; 132-148; 180-218; 230-238
ae69_007	ae69_007.xml	True	7	49-76; 125-174; 227-243; 280-289; 303-313; 330-392; 448-473
ae69_008	ae69_008.xml	True	7	56-87; 143-163; 186-190; 204-254; 282-309; 316-333; 342-356
ae69_009	ae69_009.xml	True	5	84-114; 128-149; 164-174; 194-213; 222-234
ae69_010	ae69_010.xml	True	11	46-46; 52-94; 125-170; 219-228; 243-291; 332-354; 371-371; 408-417; 441-466; 496-507; 521-527
ae69_011	ae69_011.xml	True	9	55-95; 103-120; 144-155; 186-198; 215-215; 238-307; 357-389; 406-422; 467-487
ae69_012	ae69_012.xml	True	7	77-97; 114-162; 190-208; 237-280; 344-355; 411-411; 452-471
ae69_013	ae69_013.xml	True	3	52-73; 107-132; 140-173
ae69_014	ae69_014.xml	True	3	70-78; 115-133; 143-206
ae69_015	ae69_015.xml	True	4	36-130; 161-170; 194-227; 237-245
ae69_016	ae69_016.xml	True	4	58-79; 88-105; 117-229; 257-257
ae69_017	ae69_017.xml	True	13	27-45; 67-67; 84-99; 131-171; 200-200; 221-259; 300-325; 335-413; 425-477; 461-476; 560-577; 590-615; 653-676
ae69_018	ae69_018.xml	True	4	65-107; 154-185; 203-239; 250-261
ae69_019	ae69_019.xml	True	7	25-40; 55-67; 89-154; 191-257; 309-337; 372-391; 402-421
ae69_020	ae69_020.xml	True	3	31-54; 99-118; 155-186
ae69_021	ae69_021.xml	True	9	36-45; 89-97; 137-152; 168-220; 232-235; 252-261; 284-335; 369-402; 423-477
ae69_022	ae69_022.xml	True	9	32-58; 98-124; 173-199; 228-244; 261-261; 279-339; 375-426; 473-499; 518-551
ae69_023	ae69_023.xml	True	11	61-61; 88-99; 109-124; 164-243; 263-263; 285-357; 393-414; 451-472; 490-499; 526-544; 557-571
ae69_024	ae69_024.xml	True	8	21-47; 60-77; 111-174; 201-201; 221-286; 312-345; 367-380; 396-432
ae69_025	ae69_025.xml	True	6	37-100; 124-144; 158-172; 215-258; 291-311; 321-329
ae69_026	ae69_026.xml	True	6	45-80; 90-155; 202-224; 266-271; 323-334; 343-352
ae69_027	ae69_027.xml	True	8	70-70; 103-117; 132-190; 203-220; 268-322; 426-438; 450-457; 520-520
ae69_028	ae69_028.xml	True	12	52-52; 106-123; 160-174; 203-267; 306-321; 338-393; 422-461; 505-536; 588-604; 623-686; 712-716; 730-738
ae69_029	ae69_029.xml	True	7	45-112; 124-132; 143-164; 190-212; 256-301; 336-361; 377-398
ae69_030	ae69_030.xml	True	4	46-65; 75-80; 94-150; 157-164
ae69_031	ae69_031.xml	True	4	37-66; 96-129; 164-186; 213-244
ae69_032	ae69_032.xml	True	3	36-73; 92-143; 170-181
ae69_033	ae69_033.xml	True	3	47-74; 98-120; 160-200
ae69_034	ae69_034.xml	True	11	40-48; 84-86; 123-150; 191-225; 228-242; 261-348; 384-401; 445-467; 479-497; 517-532; 542-553
ae69_035	ae69_035.xml	True	5	55-59; 68-76; 88-106; 120-171; 184-203
ae69_036	ae69_036.xml	True	3	75-75; 130-144; 160-194
ae69_037	ae69_037.xml	True	3	42-67; 96-111; 151-174
ae69_038	ae69_038.xml	True	8	40-40; 57-80; 121-166; 190-199; 212-310; 350-370; 391-419; 430-453
ae69_039	ae69_039.xml	True	2	56-84; 109-157
ae69_040	ae69_040.xml	True	6	67-76; 104-122; 143-213; 279-314; 342-366; 385-402
ae69_041	ae69_041.xml	True	8	78-96; 116-116; 148-168; 194-224; 231-241; 257-309; 402-431; 452-455
ae69_042	ae69_042.xml	True	6	63-83; 97-138; 148-172; 335-340; 387-409; 417-436
ae69_043	ae69_043.xml	True	4	28-39; 67-67; 116-116; 139-168
ae69_044	ae69_044.xml	True	6	45-60; 102-161; 203-226; 238-246; 265-312; 366-387
ae69_045	ae69_045.xml	True	7	48-80; 100-103; 121-173; 186-224; 336-348; 357-385; 431-455
ae69_046	ae69_046.xml	True	5	109-124; 137-162; 178-200; 221-253; 264-278
ae69_047	ae69_047.xml	True	3	120-147; 197-216; 227-227
ae69_048	ae69_048.xml	True	6	33-49; 65-65; 108-145; 177-182; 247-262; 276-286
ae70_001	ae70_001.xml	True	10	58-58; 106-129; 172-212; 225-243; 301-309; 313-343; 356-424; 473-531; 561-573; 626-626
ae70_002	ae70_002.xml	True	5	60-80; 124-169; 226-268; 322-390; 434-463
ae70_003	ae70_003.xml	True	9	54-66; 101-118; 129-146; 233-245; 249-279; 287-358; 437-460; 497-504; 559-596
ae70_004	ae70_004.xml	True	7	94-120; 184-194; 200-229; 238-305; 339-370; 377-416; 459-485
ae70_005	ae70_005.xml	True	9	51-70; 84-99; 149-166; 203-232; 276-314; 368-416; 487-541; 567-589; 614-651
ae70_006	ae70_006.xml	True	3	111-147; 161-207; 294-334
ae70_007	ae70_007.xml	True	9	35-54; 83-100; 176-199; 226-237; 278-316; 327-379; 435-458; 499-533; 538-606
ae70_008	ae70_008.xml	True	3	50-85; 89-123; 177-230
ae70_009	ae70_009.xml	True	7	41-72; 81-114; 124-207; 240-362; 421-449; 485-529; 584-605
ae70_010	ae70_010.xml	True	8	39-79; 92-106; 143-182; 213-249; 257-274; 286-349; 427-453; 491-491
ae70_011	ae70_011.xml	True	9	130-135; 180-192; 250-284; 315-330; 337-436; 480-480; 537-563; 610-628; 656-693
ae70_012	ae70_012.xml	True	6	53-67; 111-150; 163-194; 224-235; 245-264; 274-373
ae70_013	ae70_013.xml	True	7	48-63; 94-123; 171-213; 230-234; 276-310; 350-366; 378-389
ae70_014	ae70_014.xml	True	10	44-44; 54-85; 103-128; 180-184; 233-239; 247-281; 290-347; 435-477; 555-578; 626-639
ae70_015	ae70_015.xml	True	8	58-88; 115-141; 165-188; 223-258; 273-359; 435-484; 513-584; 611-629
ae70_016	ae70_016.xml	True	6	66-111; 142-181; 216-241; 285-348; 385-427; 441-467
ae70_017	ae70_017.xml	True	8	55-93; 119-119; 163-189; 235-267; 279-313; 328-376; 436-471; 526-539
ae70_018	ae70_018.xml	True	8	64-89; 127-157; 166-193; 236-260; 308-333; 339-370; 382-432; 508-531
ae70_019	ae70_019.xml	True	4	38-73; 95-134; 142-172; 234-234
ae70_020	ae70_020.xml	True	7	105-121; 130-132; 152-152; 173-233; 298-318; 384-416; 455-455
ae70_021	ae70_021.xml	True	7	60-81; 144-165; 182-263; 319-351; 392-420; 475-475; 540-572
ae70_022	ae70_022.xml	True	11	34-62; 89-114; 128-139; 173-182; 199-218; 228-245; 262-276; 296-347; 399-452; 474-474; 525-563
ae70_023	ae70_023.xml	True	8	76-114; 142-167; 189-229; 269-291; 348-382; 462-524; 555-641; 697-708
ae70_024	ae70_024.xml	True	12	28-28; 78-111; 121-185; 191-217; 270-289; 306-322; 333-352; 363-418; 478-506; 544-563; 575-603; 629-676
ae70_025	ae70_025.xml	True	9	49-79; 110-204; 261-291; 339-352; 392-418; 428-466; 493-533; 552-559; 572-589
ae70_026	ae70_026.xml	True	9	27-55; 85-113; 149-179; 240-243; 249-279; 296-330; 374-407; 444-451; 489-519
ae70_027	ae70_027.xml	True	5	62-81; 122-154; 162-238; 267-294; 310-326
ae70_028	ae70_028.xml	True	8	65-89; 122-151; 219-229; 275-276; 306-340; 399-424; 436-498; 566-597
ae70_029	ae70_029.xml	True	6	46-81; 123-171; 206-260; 272-285; 305-368; 450-490
ae70_030	ae70_030.xml	True	8	34-63; 80-90; 120-150; 193-214; 223-243; 251-297; 386-402; 441-441
ae70_031	ae70_031.xml	True	6	45-54; 77-101; 164-239; 312-331; 370-408; 465-488
ae70_032	ae70_032.xml	True	8	77-102; 137-143; 197-211; 250-279; 301-338; 412-412; 441-441; 496-513
ae70_033	ae70_033.xml	True	7	41-54; 74-110; 133-149; 215-273; 342-367; 405-435; 477-491
ae70_034	ae70_034.xml	True	9	40-40; 82-113; 127-171; 222-261; 273-286; 305-333; 405-454; 484-499; 582-608
ae70_035	ae70_035.xml	True	16	33-45; 48-59; 116-121; 173-193; 202-217; 231-277; 317-338; 349-412; 422-458; 475-475; 535-548; 593-627; 636-676; 724-724; 781-816; 823-854
ae70_036	ae70_036.xml	True	6	52-89; 145-186; 219-256; 270-291; 306-401; 461-494
ae70_037	ae70_037.xml	True	14	72-86; 125-172; 181-221; 253-287; 344-344; 387-451; 490-518; 525-533; 589-638; 645-682; 689-706; 740-764; 784-792; 802-835
ae70_038	ae70_038.xml	True	9	34-65; 79-126; 179-206; 260-290; 303-335; 377-381; 392-427; 439-532; 617-635
ae70_039	ae70_039.xml	True	8	57-102; 141-145; 156-181; 217-230; 252-284; 291-327; 333-403; 459-514
ae70_040	ae70_040.xml	True	3	52-102; 108-192; 226-268
ae70_041	ae70_041.xml	True	7	31-66; 98-106; 161-201; 212-227; 270-298; 353-370; 380-402
ae70_042	ae70_042.xml	True	4	97-137; 142-187; 203-242; 267-319
ae70_043	ae70_043.xml	True	12	49-75; 82-104; 131-166; 192-223; 264-305; 320-376; 447-486; 549-597; 605-623; 674-724; 738-763; 815-858
ae70_044	ae70_044.xml	True	5	57-90; 104-134; 182-227; 245-266; 280-302
ae70_045	ae70_045.xml	True	7	72-114; 123-154; 159-183; 192-242; 277-307; 341-374; 384-409
ae70_046	ae70_046.xml	True	4	103-155; 185-234; 248-271; 279-300
ae70_047	ae70_047.xml	True	10	87-92; 144-181; 196-208; 245-261; 289-318; 358-427; 468-475; 518-537; 551-638; 646-678
ae70_048	ae70_048.xml	True	13	66-95; 121-135; 151-203; 230-246; 260-278; 290-383; 390-424; 461-493; 523-523; 531-551; 600-609; 656-701; 773-796
ae70_049	ae70_049.xml	True	4	69-95; 102-177; 182-205; 237-271
ae70_050	ae70_050.xml	True	8	80-115; 156-202; 230-254; 266-293; 302-367; 409-438; 462-506; 514-514
ae70_051	ae70_051.xml	True	6	37-79; 85-109; 114-143; 157-174; 237-260; 293-330
ae70_052	ae70_052.xml	True	6	66-131; 165-208; 242-282; 289-318; 347-361; 372-394
ae70_053	ae70_053.xml	True	7	63-63; 92-136; 148-225; 231-297; 385-427; 433-460; 498-528
ae70_054	ae70_054.xml	True	6	71-115; 124-181; 210-214; 262-312; 411-411; 454-476
ae70_055	ae70_055.xml	True	3	98-150; 204-277; 285-342
ae70_056	ae70_056.xml	True	6	62-105; 112-124; 185-200; 217-244; 294-303; 313-330
ae70_057	ae70_057.xml	True	7	37-56; 102-134; 146-199; 242-283; 311-341; 404-404; 465-494
ae70_058	ae70_058.xml	True	6	71-130; 145-145; 200-267; 273-304; 354-395; 429-446
ae70_059	ae70_059.xml	True	4	59-142; 148-175; 181-185; 244-264
ae70_060	ae70_060.xml	True	5	94-123; 131-161; 168-233; 252-263; 276-299
ae77_001	ae77_001.xml	True	3	74-101; 114-192; 246-355
ae77_002	ae77_002.xml	True	9	47-93; 108-188; 200-223; 273-310; 370-425; 436-492; 537-562; 576-576; 620-647
ae77_003	ae77_003.xml	True	3	155-163; 229-323; 339-349
ae77_004	ae77_004.xml	True	7	85-113; 135-290; 323-442; 456-541; 555-574; 595-623; 637-649
ae77_005	ae77_005.xml	True	11	88-96; 144-168; 176-214; 259-299; 321-341; 361-387; 437-498; 526-544; 558-590; 616-631; 643-662
ae77_006	ae77_006.xml	True	8	42-42; 118-133; 145-209; 233-303; 346-359; 416-484; 495-542; 626-668
ae77_007	ae77_007.xml	True	6	63-209; 223-251; 268-268; 317-384; 422-432; 451-467
ae77_008	ae77_008.xml	True	4	37-86; 133-150; 210-269; 390-436
ae77_009	ae77_009.xml	True	3	104-138; 148-209; 245-402
ae77_010	ae77_010.xml	True	7	99-127; 140-242; 255-307; 319-399; 427-530; 572-603; 615-672
ae77_011	ae77_011.xml	True	6	62-123; 145-259; 306-311; 331-385; 464-495; 512-675
ae77_012	ae77_012.xml	True	6	58-218; 234-249; 269-289; 306-359; 455-474; 490-716
ae77_013	ae77_013.xml	True	3	185-233; 245-245; 300-421
ae77_014	ae77_014.xml	True	4	94-157; 175-320; 329-329; 378-478
ae77_015	ae77_015.xml	True	5	138-207; 220-273; 294-373; 397-428; 440-484
ae77_016	ae77_016.xml	True	7	192-205; 216-262; 274-365; 377-433; 520-534; 567-680; 689-701
ae77_017	ae77_017.xml	True	11	70-71; 136-154; 185-208; 225-267; 303-347; 404-435; 447-458; 473-531; 582-695; 735-735; 800-886
ae77_018	ae77_018.xml	True	11	72-85; 147-201; 214-255; 312-338; 357-381; 400-450; 500-553; 587-617; 634-679; 704-718; 735-755
ae77_019	ae77_019.xml	True	8	38-68; 85-85; 148-185; 218-243; 257-270; 284-325; 431-455; 482-482
ae77_020	ae77_020.xml	True	4	174-276; 288-301; 313-341; 414-432
ae77_021	ae77_021.xml	True	5	112-182; 195-220; 232-317; 348-370; 384-414
ae77_022	ae77_022.xml	True	12	56-97; 109-147; 173-202; 229-237; 288-325; 334-372; 428-455; 533-552; 564-564; 636-660; 676-716; 785-837
ae77_023	ae77_023.xml	True	10	12-100; 114-129; 139-175; 209-226; 238-257; 270-319; 399-399; 433-452; 469-512; 559-581
ae77_024	ae77_024.xml	True	6	92-141; 167-244; 280-302; 327-357; 430-489; 502-556
ae77_025	ae77_025.xml	True	8	44-81; 96-112; 173-216; 252-283; 295-315; 335-383; 469-489; 511-521
ae77_026	ae77_026.xml	True	9	9-34; 83-130; 165-181; 225-244; 293-311; 323-390; 425-427; 453-460; 476-490
ae77_027	ae77_027.xml	True	3	46-179; 191-224; 290-311
ae77_028	ae77_028.xml	True	8	41-68; 79-89; 140-174; 211-231; 245-260; 273-300; 385-403; 426-426
ae77_029	ae77_029.xml	True	11	56-82; 98-137; 169-197; 250-272; 286-330; 370-399; 409-409; 463-486; 507-517; 532-570; 583-620
ae77_030	ae77_030.xml	True	7	55-196; 208-231; 238-271; 287-369; 407-427; 469-483; 493-513
ae77_031	ae77_031.xml	True	16	35-96; 109-132; 145-188; 221-237; 296-313; 323-350; 397-470; 506-530; 539-616; 629-639; 660-682; 694-713; 728-761; 850-856; 863-877; 921-964
ae77_032	ae77_032.xml	True	7	47-230; 240-264; 274-321; 336-386; 422-455; 487-514; 522-541
ae77_033	ae77_033.xml	True	6	56-149; 174-215; 229-242; 302-383; 414-423; 441-462
ae77_034	ae77_034.xml	True	12	60-112; 139-171; 185-245; 308-341; 416-444; 480-556; 603-611; 621-662; 712-733; 746-771; 786-864; 875-895
ae77_035	ae77_035.xml	True	3	150-330; 341-352; 364-462
ae77_036	ae77_036.xml	True	5	128-241; 251-298; 306-385; 412-435; 449-471
ae77_037	ae77_037.xml	True	7	117-154; 214-214; 221-267; 392-427; 497-527; 563-587; 598-600
ae77_038	ae77_038.xml	True	9	96-115; 134-221; 235-247; 286-320; 332-371; 380-419; 481-532; 574-612; 624-677
ae77_039	ae77_039.xml	True	6	70-251; 281-311; 331-331; 396-412; 471-541; 583-606
ae77_040	ae77_040.xml	True	12	81-137; 145-180; 209-239; 264-276; 337-406; 418-450; 503-540; 614-637; 647-647; 692-751; 764-822; 873-931
ae77_041	ae77_041.xml	True	2	75-176; 202-427
ae77_042	ae77_042.xml	True	8	102-102; 181-223; 235-371; 383-425; 464-507; 616-630; 639-669; 717-804
ae77_043	ae77_043.xml	True	4	31-165; 174-192; 205-230; 242-388
ae77_044	ae77_044.xml	True	5	134-233; 259-310; 317-414; 438-505; 516-552
ae77_045	ae77_045.xml	True	2	85-185; 216-310
ae77_046	ae77_046.xml	True	6	40-40; 126-126; 185-237; 262-275; 331-380; 390-466
ae77_047	ae77_047.xml	True	9	51-78; 92-186; 199-214; 270-299; 351-391; 402-447; 503-503; 575-653; 663-692
ae77_048	ae77_048.xml	True	10	71-83; 161-214; 268-301; 311-420; 419-437; 448-468; 481-504; 555-646; 679-679; 722-757
ae77_049	ae77_049.xml	True	9	53-82; 98-141; 202-245; 282-298; 315-383; 414-414; 476-512; 524-559; 586-645
ae77_050	ae77_050.xml	True	9	79-111; 120-216; 230-244; 275-313; 323-354; 365-405; 462-499; 540-570; 579-622
ae77_051	ae77_051.xml	True	12	58-86; 99-130; 151-195; 211-232; 290-321; 335-419; 469-502; 551-573; 581-585; 655-703; 713-774; 833-887
ae77_052	ae77_052.xml	True	4	60-220; 233-250; 266-334; 368-388
ae77_053	ae77_053.xml	True	9	79-134; 184-244; 287-307; 336-359; 369-396; 415-485; 534-650; 686-745; 773-815
ae77_054	ae77_054.xml	True	11	109-139; 183-209; 219-227; 286-378; 421-421; 449-525; 555-555; 584-611; 631-653; 668-781; 788-805
ae77_055	ae77_055.xml	True	3	35-38; 123-144; 209-351
ae78_001	ae78_001.xml	True	12	91-132; 143-157; 183-196; 221-229; 267-280; 293-344; 395-453; 541-545; 559-577; 613-618; 634-645; 693-711
ae78_002	ae78_002.xml	True	6	63-63; 71-125; 158-174; 187-200; 234-234; 252-255
ae78_003	ae78_003.xml	True	4	29-46; 92-105; 128-128; 166-187
ae78_004	ae78_004.xml	True	8	41-85; 106-132; 143-179; 218-244; 251-259; 273-279; 294-357; 403-407
ae78_005	ae78_005.xml	True	6	54-103; 117-124; 145-170; 187-236; 263-265; 279-287
ae78_006	ae78_006.xml	True	2	92-116; 141-151
ae78_007	ae78_007.xml	True	3	109-116; 166-166; 176-253
ae78_008	ae78_008.xml	True	13	34-39; 51-61; 83-125; 158-174; 220-226; 245-245; 261-296; 371-384; 392-408; 433-450; 501-514; 541-552; 574-579
ae78_009	ae78_009.xml	True	7	41-85; 99-127; 150-157; 173-174; 189-252; 296-309; 342-384
ae78_010	ae78_010.xml	True	8	69-93; 130-162; 172-188; 226-246; 275-335; 376-400; 414-427; 459-464
ae78_011	ae78_011.xml	True	2	89-104; 130-137
ae78_012	ae78_012.xml	True	6	84-95; 112-139; 111-139; 169-206; 217-218; 234-276
ae78_013	ae78_013.xml	True	9	65-90; 128-171; 184-201; 235-272; 338-370; 407-467; 476-481; 495-518; 560-568
ae78_014	ae78_014.xml	True	10	59-86; 95-98; 114-117; 141-166; 199-199; 211-219; 239-324; 340-348; 395-395; 438-458
ae78_015	ae78_015.xml	True	6	27-86; 113-179; 234-267; 313-321; 348-370; 381-397
ae78_016	ae78_016.xml	True	3	65-69; 89-105; 153-170
ae78_017	ae78_017.xml	True	5	46-111; 147-166; 187-234; 249-284; 325-331
ae78_018	ae78_018.xml	True	7	118-162; 175-215; 247-250; 271-271; 292-321; 394-413; 443-486
ae78_019	ae78_019.xml	True	6	18-73; 83-86; 120-138; 151-165; 212-252; 320-341
ae78_020	ae78_020.xml	True	8	41-46; 83-133; 183-183; 210-223; 251-260; 274-284; 327-343; 388-388
ae78_021	ae78_021.xml	True	7	67-75; 85-137; 149-179; 218-253; 378-397; 430-436; 452-464
ae78_022	ae78_022.xml	True	9	61-80; 118-128; 138-154; 189-245; 315-339; 390-448; 459-464; 477-497; 527-543
ae78_023	ae78_023.xml	True	3	65-80; 142-195; 207-212
ae78_024	ae78_024.xml	True	16	132-133; 154-182; 218-218; 255-260; 275-277; 295-333; 363-368; 382-401; 437-440; 462-462; 480-480; 499-508; 542-573; 66-626; 655-670; 681-730
ae78_025	ae78_025.xml	True	3	104-110; 145-160; 196-230
ae78_026	ae78_026.xml	True	4	55-71; 104-110; 139-144; 179-189
ae78_027	ae78_027.xml	True	7	34-55; 69-90; 130-137; 158-160; 178-210; 276-283; 295-302
ae78_028	ae78_028.xml	True	3	83-96; 136-141; 168-172
ae78_029	ae78_029.xml	True	3	61-71; 87-103; 135-165
ae78_030	ae78_030.xml	True	10	72-79; 91-101; 129-131; 151-172; 195-219; 248-255; 274-297; 341-351; 381-396; 410-443
ae78_031	ae78_031.xml	True	8	42-50; 89-125; 153-156; 169-172; 188-239; 280-280; 294-310; 347-362
ae78_032	ae78_032.xml	True	10	81-96; 139-152; 169-203; 233-237; 250-250; 264-306; 367-381; 396-396; 432-453; 476-479
ae78_033	ae78_033.xml	True	16	29-36; 52-58; 99-132; 140-140; 157-160; 182-221; 282-295; 304-310; 323-326; 352-358; 398-401; 431-431; 446-469; 547-547; 579-586; 596-615
ae78_034	ae78_034.xml	True	10	64-75; 87-126; 136-138; 151-174; 283-287; 300-307; 317-341; 423-423; 435-448; 471-473
ae78_035	ae78_035.xml	True	10	43-52; 83-100; 137-157; 189-189; 199-258; 342-371; 380-385; 412-429; 455-455; 462-462
ae78_036	ae78_036.xml	True	8	34-45; 87-87; 112-122; 144-163; 203-222; 256-267; 283-320; 363-374
ae78_037	ae78_037.xml	True	4	75-84; 115-136; 165-169; 184-188
ae78_038	ae78_038.xml	True	7	82-89; 102-117; 167-171; 186-265; 286-301; 317-331; 367-383
ae78_039	ae78_039.xml	True	4	43-65; 73-93; 106-150; 161-161
ae78_040	ae78_040.xml	True	3	17-29; 43-52; 74-106
ae78_041	ae78_041.xml	True	9	55-81; 95-101; 132-136; 157-165; 184-184; 204-266; 326-330; 350-368; 396-412
ae78_042	ae78_042.xml	True	7	90-111; 133-143; 170-184; 196-211; 250-278; 302-304; 325-326
ae78_043	ae78_043.xml	True	11	51-66; 84-90; 110-136; 162-189; 221-247; 314-314; 328-340; 354-384; 472-473; 484-505; 534-537
ae78_044	ae78_044.xml	True	13	79-79; 113-118; 130-163; 179-213; 248-248; 272-343; 385-416; 425-434; 452-463; 478-485; 494-505; 533-551; 583-583
ae78_045	ae78_045.xml	True	8	84-87; 99-127; 162-168; 195-195; 205-207; 219-247; 292-300; 308-318
ae78_046	ae78_046.xml	True	6	44-65; 104-128; 138-138; 165-210; 228-237; 247-252
ae78_047	ae78_047.xml	True	9	46-56; 67-70; 81-94; 123-138; 146-183; 240-269; 304-324; 344-356; 367-405
ae78_048	ae78_048.xml	True	4	91-102; 141-152; 173-182; 199-206
ae78_049	ae78_049.xml	True	8	63-85; 115-134; 155-161; 184-238; 281-282; 299-312; 331-339; 365-372
ae78_050	ae78_050.xml	True	10	53-72; 81-89; 102-117; 141-146; 164-169; 184-186; 204-246; 298-304; 316-330; 357-360
ae78_051	ae78_051.xml	True	6	73-99; 129-134; 151-151; 186-190; 224-245; 283-292
ae78_052	ae78_052.xml	True	6	28-43; 88-143; 176-184; 193-197; 208-266; 331-342
ae78_053	ae78_053.xml	True	4	73-82; 90-97; 107-152; 189-205
ae78_054	ae78_054.xml	True	5	86-88; 106-123; 131-140; 167-168; 179-182
ae78_055	ae78_055.xml	True	16	62-72; 80-84; 100-137; 169-180; 248-248; 274-308; 353-401; 433-449; 459-472; 483-512; 532-532; 557-557; 578-600; 667-669; 681-702; 726-727
ae78_056	ae78_056.xml	True	3	31-81; 91-98; 117-132
ae78_057	ae78_057.xml	True	13	108-112; 147-152; 172-188; 215-263; 312-312; 337-419; 475-499; 507-519; 540-551; 565-565; 574-574; 610-636; 670-670
ae78_058	ae78_058.xml	True	3	77-97; 143-152; 187-212
ae78_059	ae78_059.xml	True	8	95-95; 108-113; 152-167; 213-213; 228-275; 330-369; 414-432; 458-471
ae78_060	ae78_060.xml	True	10	85-94; 112-128; 172-215; 282-287; 314-322; 343-361; 397-408; 451-474; 509-525; 535-556
ae87_001	ae87_001.xml	True	6	79-98; 120-148; 159-165; 189-234; 290-316; 331-352
ae87_002	ae87_002.xml	True	3	154-405; 428-463; 516-537
ae87_003	ae87_003.xml	True	10	133-149; 188-291; 345-380; 405-483; 492-507; 524-534; 551-587; 687-720; 746-755; 793-818
ae87_004	ae87_004.xml	True	8	135-152; 207-345; 384-396; 406-424; 436-472; 577-602; 620-643; 672-714
ae87_005	ae87_005.xml	True	12	68-105; 137-187; 209-236; 286-326; 397-422; 456-516; 528-560; 608-625; 684-703; 716-733; 764-782; 802-816
ae87_006	ae87_006.xml	True	11	152-177; 209-238; 305-328; 360-403; 462-497; 518-565; 604-614; 631-644; 788-797; 822-848; 862-898
ae87_007	ae87_007.xml	True	7	101-147; 230-249; 258-308; 321-355; 400-430; 464-479; 489-499
ae87_008	ae87_008.xml	True	5	82-119; 131-174; 199-216; 266-281; 291-300
ae87_009	ae87_009.xml	True	7	68-106; 119-134; 182-245; 280-306; 331-345; 357-389; 486-537
ae87_010	ae87_010.xml	True	7	179-229; 246-269; 298-463; 478-491; 517-577; 614-628; 638-648
ae87_011	ae87_011.xml	True	6	114-157; 222-250; 272-323; 465-497; 515-538; 551-558
ae87_012	ae87_012.xml	True	9	45-226; 245-258; 279-326; 351-371; 381-397; 410-442; 591-622; 656-682; 697-719
ae87_013	ae87_013.xml	True	7	99-144; 165-175; 215-355; 366-374; 420-449; 580-608; 623-656
ae87_014	ae87_014.xml	True	8	118-204; 219-260; 279-304; 339-373; 389-396; 413-442; 506-663; 674-689
ae87_015	ae87_015.xml	True	5	90-101; 126-174; 203-224; 300-318; 332-340
ae87_016	ae87_016.xml	True	9	55-72; 92-135; 176-245; 281-291; 305-351; 403-403; 470-491; 501-510; 538-640
ae87_017	ae87_017.xml	True	6	47-380; 392-416; 439-457; 493-517; 567-578; 618-643
ae87_018	ae87_018.xml	True	8	44-73; 83-96; 140-309; 342-360; 371-379; 391-414; 532-551; 574-606
ae87_019	ae87_019.xml	True	4	93-137; 170-383; 397-433; 460-549
ae87_020	ae87_020.xml	True	3	246-374; 389-433; 481-506
ae87_021	ae87_021.xml	True	9	107-162; 193-224; 245-266; 327-358; 371-377; 390-435; 498-506; 534-804; 815-845
ae87_022	ae87_022.xml	True	6	59-94; 138-185; 207-230; 243-247; 261-301; 412-442
ae87_023	ae87_023.xml	True	5	82-224; 242-271; 285-320; 349-436; 451-465
ae87_024	ae87_024.xml	True	7	71-276; 290-320; 361-378; 409-431; 444-456; 517-543; 557-572
ae87_025	ae87_025.xml	True	5	107-254; 266-274; 284-456; 470-482; 539-564
ae87_026	ae87_026.xml	True	3	247-258; 307-478; 492-507
ae87_027	ae87_027.xml	True	8	88-143; 190-253; 304-333; 361-376; 389-436; 520-562; 591-628; 656-703
ae87_028	ae87_028.xml	True	3	222-272; 315-507; 516-544
ae87_029	ae87_029.xml	True	11	130-138; 191-248; 263-278; 342-345; 353-363; 378-409; 500-557; 600-626; 639-665; 690-710; 725-729
ae87_030	ae87_030.xml	True	5	54-410; 455-491; 499-499; 529-564; 589-710
ae87_031	ae87_031.xml	True	5	44-95; 107-211; 255-461; 494-514; 530-542
ae87_032	ae87_032.xml	True	9	59-84; 104-168; 184-236; 291-307; 321-326; 344-436; 512-533; 623-625; 680-696
ae87_033	ae87_033.xml	True	10	155-171; 181-224; 235-246; 275-328; 338-343; 354-362; 377-393; 566-591; 616-755; 767-790
ae87_034	ae87_034.xml	True	8	31-41; 71-154; 208-311; 324-334; 347-352; 364-401; 405-581; 593-613
ae87_035	ae87_035.xml	True	9	163-191; 228-317; 330-350; 380-404; 415-421; 437-464; 604-633; 689-723; 741-755
ae87_036	ae87_036.xml	True	8	94-125; 137-276; 287-304; 345-393; 427-431; 447-480; 650-668; 680-706
ae87_037	ae87_037.xml	True	5	76-100; 123-170; 201-243; 306-318; 336-350
ae87_038	ae87_038.xml	True	4	54-283; 294-312; 326-365; 398-420
ae87_039	ae87_039.xml	True	8	104-214; 241-272; 288-326; 352-488; 472-484; 436-508; 519-552; 654-684
ae87_040	ae87_040.xml	True	6	97-133; 192-192; 229-244; 252-331; 422-456; 469-486
ae87_041	ae87_041.xml	True	3	336-356; 376-411; 474-312
ae87_042	ae87_042.xml	True	5	104-148; 190-311; 359-366; 420-428; 442-451
ae87_043	ae87_043.xml	True	3	72-81; 97-119; 144-419
ae87_044	ae87_044.xml	True	7	104-218; 244-264; 290-318; 336-420; 531-728; 751-772; 831-893
ae87_045	ae87_045.xml	True	6	98-239; 267-334; 345-345; 394-409; 463-499; 552-607
ae87_046	ae87_046.xml	True	7	161-163; 207-277; 292-310; 335-400; 425-437; 448-502; 608-642
ae87_047	ae87_047.xml	True	4	189-203; 220-267; 384-412; 440-496
ae87_048	ae87_048.xml	True	6	106-133; 147-176; 228-363; 395-406; 457-474; 485-495
ae87_049	ae87_049.xml	True	8	48-77; 137-206; 240-346; 359-372; 382-396; 411-466; 605-660; 674-705
ae87_050	ae87_050.xml	True	4	74-113; 123-425; 427-453; 477-517
ae87_051	ae87_051.xml	True	11	146-162; 205-238; 174-324; 360-396; 411-415; 427-466; 553-605; 648-681; 694-718; 738-760; 771-779
ae87_052	ae87_052.xml	True	6	115-151; 174-343; 354-402; 422-434; 446-512; 553-584
ae87_053	ae87_053.xml	True	9	54-82; 93-119; 139-188; 224-301; 399-418; 433-492; 562-585; 602-602; 645-667
ae87_054	ae87_054.xml	True	8	79-91; 101-107; 141-167; 192-217; 227-236; 253-323; 519-542; 559-571
ae87_055	ae87_055.xml	True	8	223-240; 291-330; 365-396; 433-475; 492-558; 655-683; 699-732; 746-773
ae87_056	ae87_056.xml	True	7	143-192; 217-261; 274-316; 341-394; 617-630; 640-659; 677-699
ae87_057	ae87_057.xml	True	4	44-77; 140-166; 176-256; 287-296
ae87_058	ae87_058.xml	True	3	95-322; 332-355; 374-400
ae88_001	ae88_001.xml	True	6	59-146; 193-202; 282-384; 403-427; 458-480; 512-513
ae88_002	ae88_002.xml	True	6	102-120; 137-156; 171-234; 247-285; 329-352; 387-475
ae88_003	ae88_003.xml	True	5	201-224; 238-252; 288-318; 354-392; 406-428
ae88_004	ae88_004.xml	True	16	62-74; 85-118; 167-167; 192-195; 211-220; 232-268; 296-346; 360-378; 421-445; 457-457; 488-503; 518-529; 539-575; 659-679; 713-792; 809-836
ae88_005	ae88_005.xml	True	4	76-100; 160-251; 277-296; 315-335
ae88_006	ae88_006.xml	True	6	51-72; 125-163; 205-226; 241-301; 320-351; 385-394
ae88_007	ae88_007.xml	True	4	76-124; 137-240; 251-272; 292-314
ae88_008	ae88_008.xml	True	5	133-190; 200-210; 223-249; 274-298; 319-325
ae88_009	ae88_009.xml	True	5	177-219; 241-257; 300-324; 371-381; 401-417
ae88_010	ae88_010.xml	True	8	121-121; 149-180; 211-282; 336-340; 358-428; 486-535; 581-608; 622-634
ae88_011	ae88_011.xml	True	3	100-145; 161-198; 236-311
ae88_012	ae88_012.xml	True	10	38-88; 101-117; 129-147; 158-193; 184-307; 319-371; 430-480; 526-545; 617-647; 683-699
ae88_013	ae88_013.xml	True	3	56-89; 112-168; 189-249
ae88_014	ae88_014.xml	True	6	144-178; 205-227; 248-270; 305-320; 386-417; 437-451
ae88_015	ae88_015.xml	True	9	58-86; 126-213; 249-265; 308-325; 365-394; 406-440; 512-534; 554-564; 583-610
ae88_016	ae88_016.xml	True	5	114-194; 213-234; 281-281; 330-344; 358-377
ae88_017	ae88_017.xml	True	4	54-123; 143-164; 181-239; 253-280
ae88_018	ae88_018.xml	True	8	51-88; 103-132; 145-161; 173-224; 274-274; 329-341; 374-411; 483-493
ae88_019	ae88_019.xml	True	7	107-135; 164-173; 192-230; 244-276; 427-448; 465-503; 535-591
ae88_020	ae88_020.xml	True	4	41-63; 105-142; 176-266; 303-316
ae88_021	ae88_021.xml	True	7	177-214; 228-288; 331-350; 363-380; 390-420; 547-570; 599-698
ae88_022	ae88_022.xml	True	6	52-130; 168-189; 238-313; 327-345; 372-387; 400-419
ae88_023	ae88_023.xml	True	7	95-120; 135-217; 231-265; 280-326; 397-426; 463-501; 513-548
ae88_024	ae88_024.xml	True	9	65-111; 132-168; 200-293; 309-318; 337-354; 400-427; 502-517; 555-579; 597-614
ae88_025	ae88_025.xml	True	9	89-102; 146-158; 180-195; 253-280; 303-314; 333-356; 432-445; 492-570; 588-606
ae88_026	ae88_026.xml	True	6	69-134; 199-207; 230-230; 273-290; 335-382; 447-512
ae88_027	ae88_027.xml	True	5	166-205; 226-235; 250-297; 324-346; 368-378
ae88_028	ae88_028.xml	True	8	45-58; 83-83; 126-142; 198-210; 257-257; 288-307; 442-457; 476-496
ae88_029	ae88_029.xml	True	12	87-106; 150-155; 172-193; 243-287; 379-384; 426-514; 530-553; 627-659; 707-731; 762-778; 800-833; 850-861
ae88_030	ae88_030.xml	True	4	104-135; 174-203; 227-267; 303-373
ae88_031	ae88_031.xml	True	5	132-215; 231-257; 271-310; 345-370; 383-394
ae88_032	ae88_032.xml	True	4	42-62; 114-149; 180-200; 247-265
ae88_033	ae88_033.xml	True	10	114-134; 168-176; 212-256; 260-286; 333-363; 380-408; 500-505; 514-538; 614-620; 665-746
ae88_034	ae88_034.xml	True	9	25-76; 89-104; 116-146; 179-206; 220-238; 249-282; 386-386; 432-486; 525-547
ae88_035	ae88_035.xml	True	11	118-131; 151-194; 237-250; 312-325; 337-374; 463-503; 516-516; 553-559; 579-599; 632-654; 671-683
ae88_036	ae88_036.xml	True	5	147-192; 212-268; 343-343; 363-407; 419-433
ae88_037	ae88_037.xml	True	3	156-190; 222-287; 309-330
ae88_038	ae88_038.xml	True	9	57-76; 117-182; 221-232; 276-285; 336-354; 367-408; 437-439; 465-489; 505-514
ae88_039	ae88_039.xml	True	7	56-67; 131-157; 181-189; 202-224; 245-301; 314-318; 329-337
ae88_040	ae88_040.xml	True	10	99-124; 153-187; 234-249; 271-299; 312-324; 340-356; 371-408; 467-511; 547-561; 577-577
ae88_041	ae88_041.xml	True	4	88-127; 138-152; 169-228; 243-258
ae88_042	ae88_042.xml	True	2	63-127; 157-206
ae88_043	ae88_043.xml	True	7	76-135; 209-233; 262-277; 285-334; 391-435; 450-458; 478-490
ae88_044	ae88_044.xml	True	7	68-69; 129-136; 152-185; 234-266; 298-338; 416-428; 439-457
ae88_045	ae88_045.xml	True	4	115-123; 146-150; 199-271; 285-301
ae88_046	ae88_046.xml	True	7	150-160; 171-242; 254-262; 278-308; 338-343; 401-418; 437-458
ae88_047	ae88_047.xml	True	6	61-84; 156-180; 246-271; 292-302; 312-351; 422-458
ae88_048	ae88_048.xml	True	16	73-105; 114-122; 138-151; 200-205; 269-282; 295-327; 377-424; 475-475; 501-544; 557-589; 618-644; 666-681; 696-696; 800-808; 820-843; 877-938
ae88_049	ae88_049.xml	True	6	63-75; 92-92; 148-174; 256-309; 369-439; 456-480
ae88_050	ae88_050.xml	True	5	89-111; 125-157; 213-325; 339-357; 383-421
ae88_051	ae88_051.xml	True	11	69-107; 138-157; 214-242; 256-280; 350-366; 437-438; 449-459; 470-497; 559-599; 667-692; 618-759
ae88_052	ae88_052.xml	True	3	70-129; 197-260; 300-347
ae88_053	ae88_053.xml	True	6	74-112; 125-145; 158-174; 195-200; 248-266; 331-384
ae88_054	ae88_054.xml	True	10	42-67; 108-172; 194-215; 251-299; 365-372; 384-435; 594-609; 622-624; 644-667; 703-722
ae88_055	ae88_055.xml	True	4	45-65; 109-195; 211-231; 268-273
ae88_056	ae88_056.xml	True	5	153-235; 249-269; 294-336; 361-395; 409-423
ae88_057	ae88_057.xml	True	4	119-133; 230-281; 304-349; 374-384
ae89_001	ae89_001.xml	True	7	74-107; 168-207; 228-240; 293-304; 333-339; 379-398; 494-494
ae89_002	ae89_002.xml	True	5	143-155; 212-226; 244-285; 309-336; 378-452
ae89_003	ae89_003.xml	True	5	135-171; 199-230; 286-303; 339-359; 391-414
ae89_004	ae89_004.xml	True	5	127-180; 195-238; 252-323; 340-382; 406-426
ae89_005	ae89_005.xml	True	4	176-230; 251-291; 325-347; 376-430
ae89_006	ae89_006.xml	True	7	40-96; 140-152; 213-213; 232-285; 333-364; 388-392; 419-422
ae89_007	ae89_007.xml	True	5	320-370; 404-454; 508-508; 537-549; 578-581
ae89_008	ae89_008.xml	True	7	130-177; 222-251; 271-296; 344-429; 461-550; 627-686; 699-731
ae89_009	ae89_009.xml	True	16	67-97; 110-122; 145-154; 187-204; 246-254; 274-308; 359-396; 431-445; 473-527; 541-555; 594-629; 653-674; 695-745; 881-931; 946-963; 995-1012
ae89_010	ae89_010.xml	True	7	48-203; 217-246; 260-317; 336-417; 464-511; 551-578; 607-611
ae89_011	ae89_011.xml	True	10	46-87; 148-204; 227-251; 303-367; 416-416; 444-444; 551-646; 660-677; 688-728; 750-785
ae89_012	ae89_012.xml	True	8	39-68; 85-186; 213-251; 303-329; 359-366; 392-417; 465-467; 479-527
ae89_013	ae89_013.xml	True	9	54-100; 114-150; 162-190; 235-250; 318-356; 370-408; 470-516; 528-544; 592-604
ae89_014	ae89_014.xml	True	10	109-155; 180-221; 265-289; 302-358; 369-383; 399-426; 448-524; 572-643; 695-722; 756-765
ae89_015	ae89_015.xml	True	3	56-78; 97-188; 216-252
ae89_016	ae89_016.xml	True	7	117-120; 176-206; 223-257; 300-359; 350-448; 527-596; 611-659
ae89_017	ae89_017.xml	True	9	58-122; 152-161; 176-198; 227-267; 293-308; 327-428; 502-575; 620-640; 657-684
ae89_018	ae89_018.xml	True	8	90-187; 209-257; 289-307; 358-367; 401-401; 436-466; 531-639; 654-685
ae89_019	ae89_019.xml	True	6	94-124; 173-174; 197-236; 251-273; 298-312; 340-346
ae89_020	ae89_020.xml	True	11	65-111; 130-198; 211-236; 271-325; 379-386; 424-454; 496-551; 604-640; 663-704; 737-762; 789-798
ae89_021	ae89_021.xml	True	8	61-147; 183-245; 301-357; 391-443; 455-490; 549-564; 588-609; 687-713
ae89_022	ae89_022.xml	True	3	128-154; 200-221; 249-295
ae89_023	ae89_023.xml	True	7	87-141; 216-233; 281-293; 349-382; 393-403; 426-428; 502-539
ae89_024	ae89_024.xml	True	3	88-160; 179-193; 209-265
ae89_025	ae89_025.xml	True	6	39-130; 143-179; 221-334; 383-410; 435-449; 470-472
ae89_026	ae89_026.xml	True	8	70-132; 147-177; 252-286; 341-385; 416-420; 441-493; 634-649; 667-674
ae89_027	ae89_027.xml	True	7	93-206; 220-240; 282-290; 326-362; 464-485; 530-551; 563-608
ae89_028	ae89_028.xml	True	7	141-162; 180-230; 243-285; 314-367; 402-450; 497-548; 565-597
ae89_029	ae89_029.xml	True	11	104-150; 180-226; 263-296; 311-360; 443-464; 510-510; 534-544; 578-616; 654-685; 731-746; 774-841
ae89_030	ae89_030.xml	True	3	71-118; 133-162; 209-209
ae89_031	ae89_031.xml	True	4	66-105; 121-178; 214-236; 318-324
ae89_032	ae89_032.xml	True	3	86-106; 126-207; 234-278
ae89_033	ae89_033.xml	True	9	89-103; 145-206; 230-240; 305-330; 388-420; 438-468; 523-550; 560-566; 595-633
ae89_034	ae89_034.xml	True	10	36-108; 129-143; 170-176; 200-252; 334-353; 409-422; 458-514; 556-563; 615-621; 645-661
ae89_035	ae89_035.xml	True	4	135-150; 202-232; 283-317; 350-359
ae89_036	ae89_036.xml	True	9	107-189; 203-210; 241-245; 273-299; 323-332; 358-427; 467-491; 519-535; 575-584
ae89_037	ae89_037.xml	True	8	72-108; 129-224; 247-277; 322-338; 361-371; 374-409; 459-460; 475-519
ae89_038	ae89_038.xml	True	7	69-108; 204-225; 282-289; 344-370; 391-405; 426-470; 547-572
ae89_039	ae89_039.xml	True	7	111-155; 170-203; 238-288; 305-323; 339-395; 451-534; 551-576
ae89_040	ae89_040.xml	True	3	109-157; 169-183; 227-258
ae89_041	ae89_041.xml	True	3	47-152; 176-203; 256-292
ae89_042	ae89_042.xml	True	9	89-127; 181-194; 221-254; 332-391; 413-428; 448-474; 555-568; 639-692; 708-773
ae89_043	ae89_043.xml	True	8	143-192; 236-301; 342-364; 386-399; 429-494; 568-588; 598-650; 697-738
ae89_044	ae89_044.xml	True	10	62-81; 131-217; 231-287; 347-406; 457-478; 517-562; 575-613; 667-686; 728-728; 742-768
ae89_045	ae89_045.xml	True	5	48-105; 123-207; 256-260; 285-312; 331-338
ae89_046	ae89_046.xml	True	12	39-89; 116-116; 149-181; 225-225; 265-283; 303-357; 394-505; 533-564; 603-626; 668-694; 748-750; 777-777
ae89_047	ae89_047.xml	True	6	73-151; 181-184; 217-267; 279-306; 337-350; 366-373
ae89_048	ae89_048.xml	True	3	56-87; 98-143; 174-186
ae89_049	ae89_049.xml	True	8	68-137; 150-167; 187-227; 254-264; 281-342; 378-396; 438-452; 481-496
ae89_050	ae89_050.xml	True	8	81-105; 139-244; 278-326; 343-365; 410-474; 567-619; 660-713; 725-784
ae89_051	ae89_051.xml	True	9	61-75; 99-183; 235-257; 272-301; 315-328; 350-395; 445-502; 532-542; 585-585
ae89_052	ae89_052.xml	True	11	58-100; 124-146; 178-202; 219-255; 335-335; 386-425; 440-452; 467-533; 577-644; 693-720; 742-803
ae89_053	ae89_053.xml	True	4	65-333; 373-404; 430-521; 595-596
ae89_054	ae89_054.xml	True	4	44-77; 141-183; 215-232; 278-307
ae89_055	ae89_055.xml	True	9	129-242; 270-299; 312-400; 459-494; 512-520; 539-558; 690-743; 758-798; 833-864
ae90_001	ae90_001.xml	True	3	101-117; 153-174; 188-251
ae90_002	ae90_002.xml	True	5	80-130; 176-188; 225-288; 315-342; 352-359
ae90_003	ae90_003.xml	True	3	98-120; 169-218; 248-328
ae90_004	ae90_004.xml	True	5	107-157; 216-232; 272-319; 358-380; 393-400
ae90_005	ae90_005.xml	True	6	46-89; 125-142; 169-206; 218-246; 275-293; 307-310
ae90_006	ae90_006.xml	True	3	93-106; 167-195; 231-272
ae90_007	ae90_007.xml	True	7	45-126; 157-171; 200-214; 232-244; 268-292; 300-309; 320-329
ae90_008	ae90_008.xml	True	3	76-76; 96-167; 208-268
ae90_009	ae90_009.xml	True	4	56-67; 105-165; 192-213; 223-223
ae90_010	ae90_010.xml	True	6	39-76; 127-127; 157-202; 215-248; 273-291; 300-306
ae90_011	ae90_011.xml	True	10	58-58; 69-82; 95-117; 146-190; 200-203; 214-215; 231-249; 350-350; 379-402; 412-453
ae90_012	ae90_012.xml	True	7	112-137; 159-209; 235-264; 279-296; 328-387; 423-432; 443-449
ae90_013	ae90_013.xml	True	6	41-74; 110-118; 149-191; 203-234; 260-282; 296-296
ae90_014	ae90_014.xml	True	7	95-100; 133-185; 213-225; 235-248; 283-290; 314-363; 376-380
ae90_015	ae90_015.xml	True	8	31-39; 56-75; 118-127; 154-204; 218-220; 238-264; 342-352; 365-381
ae90_016	ae90_016.xml	True	11	92-102; 117-163; 170-183; 215-215; 227-231; 252-283; 341-347; 377-420; 448-448; 482-515; 552-575
ae90_017	ae90_017.xml	True	9	61-61; 80-86; 104-135; 194-212; 222-222; 235-263; 333-348; 373-398; 408-486
ae90_018	ae90_018.xml	True	6	46-100; 137-140; 152-160; 183-199; 231-260; 319-340
ae90_019	ae90_019.xml	True	7	67-72; 81-96; 130-169; 216-236; 320-336; 364-375; 390-423
ae90_020	ae90_020.xml	True	8	68-76; 95-122; 154-173; 187-225; 259-272; 349-361; 388-419; 427-472
ae90_021	ae90_021.xml	True	5	30-43; 58-140; 177-193; 225-227; 236-242
ae90_022	ae90_022.xml	True	5	50-74; 83-97; 118-191; 221-243; 275-292
ae90_023	ae90_023.xml	True	3	74-82; 119-190; 202-233
ae90_024	ae90_024.xml	True	3	76-92; 104-125; 161-183
ae90_025	ae90_025.xml	True	6	36-56; 106-111; 148-174; 184-234; 253-284; 295-298
ae90_026	ae90_026.xml	True	6	36-61; 94-94; 114-171; 180-230; 253-275; 283-289
ae90_027	ae90_027.xml	True	6	73-78; 85-107; 120-120; 168-225; 258-260; 275-278
ae90_028	ae90_028.xml	True	6	78-90; 97-117; 134-185; 214-228; 249-255; 272-272
ae90_029	ae90_029.xml	True	3	118-140; 174-202; 215-235
ae90_030	ae90_030.xml	True	7	67-117; 128-134; 146-156; 174-206; 249-267; 289-289; 309-312
ae90_031	ae90_031.xml	True	11	68-78; 88-90; 103-160; 171-214; 234-246; 261-261; 276-292; 344-344; 362-365; 375-429; 459-509
ae90_032	ae90_032.xml	True	10	49-78; 86-105; 125-140; 171-182; 195-195; 208-209; 230-248; 287-299; 310-337; 368-371
ae90_033	ae90_033.xml	True	13	56-66; 96-122; 142-163; 195-198; 209-214; 232-249; 303-330; 340-342; 358-380; 391-439; 451-484; 494-499; 529-529
ae90_034	ae90_034.xml	True	6	48-94; 123-132; 162-192; 202-233; 264-272; 285-288
ae90_035	ae90_035.xml	True	12	70-100; 109-138; 161-184; 203-229; 256-256; 266-299; 347-388; 454-495; 504-524; 545-555; 568-596; 641-659
ae90_036	ae90_036.xml	True	9	60-63; 76-89; 104-159; 194-198; 212-215; 229-260; 362-415; 427-443; 474-474
ae90_037	ae90_037.xml	True	4	66-66; 84-120; 137-193; 203-216
ae90_038	ae90_038.xml	True	13	29-51; 73-82; 97-141; 176-187; 195-195; 216-229; 252-301; 320-332; 366-377; 392-431; 492-509; 536-575; 587-599
ae90_039	ae90_039.xml	True	8	33-77; 87-117; 148-165; 198-209; 223-223; 242-250; 276-292; 331-362
ae90_040	ae90_040.xml	True	5	77-77; 97-136; 152-195; 221-242; 256-260
ae90_041	ae90_041.xml	True	11	43-56; 66-101; 110-128; 149-172; 198-212; 228-268; 281-305; 330-352; 368-392; 428-444; 481-481
ae90_042	ae90_042.xml	True	7	61-108; 144-217; 228-272; 295-325; 358-364; 371-406; 430-441
ae90_043	ae90_043.xml	True	11	57-66; 80-86; 109-109; 136-164; 216-246; 296-304; 319-347; 360-388; 480-516; 527-555; 579-588
ae90_044	ae90_044.xml	True	5	94-125; 137-155; 173-223; 244-258; 268-270
ae90_045	ae90_045.xml	True	3	37-122; 154-217; 242-272
ae90_046	ae90_046.xml	True	7	57-60; 77-80; 96-114; 143-208; 237-267; 339-382; 393-426
ae90_047	ae90_047.xml	True	10	48-72; 116-118; 132-137; 169-185; 238-275; 312-361; 387-415; 439-442; 463-535; 545-571
ae90_048	ae90_048.xml	True	5	23-44; 55-98; 137-147; 182-190; 202-242
ae90_049	ae90_049.xml	True	5	44-89; 100-156; 190-203; 224-283; 311-342
ae90_050	ae90_050.xml	True	4	39-114; 149-183; 189-204; 218-220
ae90_051	ae90_051.xml	True	16	59-59; 77-154; 174-188; 217-220; 231-232; 247-291; 314-370; 380-394; 419-419; 437-449; 475-490; 499-516; 532-588; 670-673; 704-734; 744-796
ae90_052	ae90_052.xml	True	4	70-73; 104-156; 173-191; 202-209
ae90_053	ae90_053.xml	True	8	91-98; 108-124; 144-202; 211-220; 247-279; 310-348; 448-460; 467-490
ae90_054	ae90_054.xml	True	6	102-108; 144-262; 288-332; 378-396; 421-425; 441-473
ae90_055	ae90_055.xml	True	6	31-67; 77-97; 126-139; 156-173; 203-204; 215-223
ae90_056	ae90_056.xml	True	9	51-72; 105-142; 151-166; 193-201; 217-220; 237-266; 340-375; 411-420; 436-464
ae90_057	ae90_057.xml	True	10	89-97; 114-152; 179-213; 241-283; 315-338; 341-341; 355-367; 444-450; 477-485; 505-520
ae90_058	ae90_058.xml	True	6	39-60; 88-113; 145-171; 246-246; 275-313; 324-346
ae90_059	ae90_059.xml	True	4	41-66; 108-113; 139-160; 169-180
ae97_001	ae97_001.xml	True	3	93-102; 116-165; 218-218
ae97_002	ae97_002.xml	True	7	101-129; 139-205; 217-232; 246-250; 282-306; 347-364; 379-380
ae97_003	ae97_003.xml	True	7	172-182; 196-204; 240-344; 357-374; 406-424; 459-465; 486-486
ae97_004	ae97_004.xml	True	7	54-66; 96-96; 114-163; 178-239; 309-314; 334-344; 401-436
ae97_005	ae97_005.xml	True	2	45-78; 103-158
ae97_006	ae97_006.xml	True	3	49-66; 82-100; 141-189
ae97_007	ae97_007.xml	True	7	83-232; 257-257; 293-314; 327-365; 384-443; 484-586; 595-608
ae97_008	ae97_008.xml	True	6	57-67; 92-120; 136-160; 189-268; 296-296; 309-309
ae97_009	ae97_009.xml	True	5	98-134; 150-170; 189-211; 230-267; 286-286
ae97_010	ae97_010.xml	True	9	16-85; 96-100; 115-123; 146-202; 234-242; 258-273; 298-316; 378-387; 417-450
ae97_011	ae97_011.xml	True	8	114-123; 143-157; 193-193; 210-210; 232-276; 323-341; 372-383; 406-412
ae97_012	ae97_012.xml	True	6	49-419; 429-444; 456-472; 493-530; 556-585; 635-792
ae97_013	ae97_013.xml	True	5	28-56; 66-66; 110-351; 379-425; 474-515
ae97_014	ae97_014.xml	True	3	35-62; 86-93; 109-260
ae97_015	ae97_015.xml	True	3	51-74; 121-139; 146-155
ae97_016	ae97_016.xml	True	9	27-200; 213-213; 250-294; 317-339; 354-371; 380-451; 520-536; 563-592; 604-693
ae97_017	ae97_017.xml	True	10	37-61; 73-103; 152-174; 215-225; 239-248; 261-315; 347-347; 368-441; 453-477; 494-520
ae97_018	ae97_018.xml	True	8	92-97; 119-130; 170-252; 281-295; 307-314; 336-360; 378-383; 396-406
ae97_019	ae97_019.xml	True	8	63-169; 186-243; 261-268; 303-375; 403-409; 419-501; 624-645; 653-673
ae97_020	ae97_020.xml	True	9	33-123; 135-150; 184-211; 229-240; 252-264; 279-323; 367-388; 407-417; 444-567
ae97_021	ae97_021.xml	True	13	77-83; 156-179; 192-208; 228-233; 240-265; 277-316; 360-398; 410-469; 480-490; 527-556; 583-612; 527-683; 693-703
ae97_022	ae97_022.xml	True	5	132-132; 146-165; 189-221; 265-304; 359-364
ae97_023	ae97_023.xml	True	4	58-80; 117-161; 172-188; 202-202
ae97_024	ae97_024.xml	True	9	42-85; 98-126; 179-187; 218-251; 261-273; 281-376; 409-436; 452-486; 499-588
ae97_025	ae97_025.xml	True	9	34-46; 93-150; 190-216; 280-290; 348-371; 385-423; 469-497; 518-544; 551-569
ae97_026	ae97_026.xml	True	6	56-68; 120-138; 174-266; 188-322; 356-379; 405-416
ae97_027	ae97_027.xml	True	9	78-95; 136-217; 261-261; 276-323; 559-584; 597-597; 643-653; 681-688; 706-726
ae97_028	ae97_028.xml	True	11	61-107; 122-142; 179-212; 238-261; 270-318; 365-425; 466-612; 621-639; 652-674; 685-712; 764-816
ae97_029	ae97_029.xml	True	10	47-77; 89-125; 141-146; 175-216; 226-233; 244-244; 259-347; 384-406; 417-435; 462-487
ae97_030	ae97_030.xml	True	8	84-173; 182-182; 207-226; 252-275; 285-389; 449-477; 521-557; 567-640
ae97_031	ae97_031.xml	True	8	29-65; 82-89; 109-147; 165-179; 188-194; 211-269; 348-372; 383-394
ae97_032	ae97_032.xml	True	10	35-88; 111-232; 242-270; 322-342; 386-391; 400-568; 666-722; 735-743; 755-735; 793-822
ae97_033	ae97_033.xml	True	7	114-135; 166-218; 279-303; 316-334; 384-416; 437-446; 459-468
ae97_034	ae97_034.xml	True	8	25-42; 73-100; 147-166; 206-206; 266-294; 302-364; 380-384; 415-432
ae97_035	ae97_035.xml	True	8	49-68; 111-214; 254-254; 274-280; 300-350; 370-403; 425-449; 478-499
ae97_036	ae97_036.xml	True	5	57-167; 177-197; 227-238; 266-333; 358-366
ae97_037	ae97_037.xml	True	4	69-205; 239-271; 301-354; 409-443
ae97_038	ae97_038.xml	True	8	11-40; 84-194; 160-195; 237-260; 269-364; 393-404; 442-442; 472-578
ae97_039	ae97_039.xml	True	5	49-94; 134-134; 172-211; 226-261; 288-305
ae97_040	ae97_040.xml	True	8	56-553; 563-577; 607-614; 652-680; 712-774; 797-812; 855-855; 881-896
ae97_041	ae97_041.xml	True	5	44-155; 170-182; 197-221; 261-276; 289-302
ae97_042	ae97_042.xml	True	5	48-246; 296-305; 318-318; 348-466; 487-547
ae97_043	ae97_043.xml	True	6	73-163; 182-237; 246-258; 294-316; 389-393; 406-421
ae97_044	ae97_044.xml	True	8	100-145; 180-282; 306-314; 322-338; 348-407; 443-493; 508-520; 543-775
ae97_045	ae97_045.xml	True	4	49-81; 100-128; 151-444; 492-504
ae97_046	ae97_046.xml	True	8	36-60; 70-81; 104-140; 168-176; 185-199; 216-287; 366-389; 406-420
ae97_047	ae97_047.xml	True	8	18-222; 233-233; 281-296; 339-340; 360-442; 558-587; 610-647; 665-784
ae97_048	ae97_048.xml	True	10	95-98; 191-223; 235-272; 296-301; 308-321; 332-441; 537-551; 562-562; 587-622; 642-642
ae97_049	ae97_049.xml	True	9	185-281; 330-375; 387-432; 443-491; 510-534; 563-566; 579-640; 677-819; 838-852
ae97_050	ae97_050.xml	True	3	357-385; 393-411; 419-435
ae97_051	ae97_051.xml	True	7	60-62; 192-192; 256-333; 383-401; 417-436; 448-527; 599-645
ae97_052	ae97_052.xml	True	4	40-96; 125-147; 183-391; 429-477
ae97_053	ae97_053.xml	True	8	32-180; 193-193; 217-247; 280-289; 301-356; 456-514; 539-599; 610-758
ae97_054	ae97_054.xml	True	4	152-171; 194-237; 261-296; 312-350
ae97_055	ae97_055.xml	True	7	125-153; 166-230; 242-318; 334-445; 484-523; 554-614; 625-634
ae97_056	ae97_056.xml	True	11	59-59; 97-145; 163-186; 233-252; 263-282; 294-313; 418-513; 553-612; 636-731; 751-818; 839-898
ae97_057	ae97_057.xml	True	10	68-110; 138-161; 194-222; 236-236; 348-348; 369-473; 485-548; 694-694; 771-824; 861-907
ae97_058	ae97_058.xml	True	4	191-540; 552-568; 578-660; 687-710
af01_001	af01_001.xml	True	12	40-51; 88-129; 169-176; 186-222; 267-282; 303-303; 348-376; 388-425; 457-479; 498-498; 550-562; 569-585
af01_002	af01_002.xml	True	6	69-107; 143-176; 200-237; 251-331; 346-346; 361-373
af01_003	af01_003.xml	True	13	87-87; 143-174; 185-220; 247-287; 346-361; 388-451; 488-525; 534-547; 566-598; 614-659; 673-673; 724-743; 772-775
af01_004	af01_004.xml	True	2	62-100; 124-162
af01_005	af01_005.xml	True	3	58-125; 133-170; 192-235
af01_006	af01_006.xml	True	3	106-136; 184-247; 260-282
af01_007	af01_007.xml	True	6	41-67; 93-129; 150-163; 202-216; 265-323; 361-392
af01_008	af01_008.xml	True	8	80-98; 106-123; 147-162; 192-217; 244-276; 333-355; 405-405; 438-466
af01_009	af01_009.xml	True	9	75-114; 125-175; 187-195; 233-239; 256-281; 293-326; 384-415; 444-473; 488-525
af01_010	af01_010.xml	True	12	39-58; 75-131; 144-169; 188-199; 228-244; 289-310; 322-370; 408-417; 426-431; 453-477; 525-545; 554-570
af01_011	af01_011.xml	True	7	63-76; 107-135; 156-201; 238-264; 286-330; 387-420; 441-478
af01_012	af01_012.xml	True	3	67-113; 124-170; 193-237
af01_013	af01_013.xml	True	7	45-61; 94-157; 166-185; 204-236; 269-295; 340-359; 369-390
af01_014	af01_014.xml	True	6	33-50; 65-79; 95-102; 121-140; 228-259; 274-280
af01_015	af01_015.xml	True	6	60-92; 159-166; 201-235; 245-261; 277-323; 379-396
af01_016	af01_016.xml	True	4	47-64; 75-124; 144-178; 193-214
af01_017	af01_017.xml	True	2	42-86; 94-128
af01_018	af01_018.xml	True	6	38-65; 77-112; 167-202; 218-237; 271-285; 297-314
af01_019	af01_019.xml	True	9	40-73; 102-136; 151-167; 196-213; 245-258; 266-296; 343-385; 407-470; 480-501
af01_020	af01_020.xml	True	4	35-62; 88-113; 176-217; 246-275
af01_021	af01_021.xml	True	6	31-75; 143-172; 209-225; 240-256; 268-308; 364-420
af01_022	af01_022.xml	True	5	60-124; 155-177; 231-231; 239-266; 297-307
af01_023	af01_023.xml	True	6	46-67; 80-131; 183-224; 247-274; 313-313; 327-343
af01_024	af01_024.xml	True	8	75-112; 160-208; 242-254; 268-284; 293-360; 414-445; 457-507; 528-574
af01_025	af01_025.xml	True	9	47-60; 94-175; 205-218; 250-255; 277-292; 300-315; 351-366; 382-400; 415-415
af01_026	af01_026.xml	True	8	46-66; 102-128; 164-232; 244-252; 267-277; 289-326; 386-404; 414-453
af01_027	af01_027.xml	True	7	35-48; 80-128; 156-170; 203-220; 259-286; 298-338; 376-387
af01_028	af01_028.xml	True	9	27-45; 83-97; 106-142; 153-179; 200-218; 228-249; 341-372; 387-426; 438-496
af01_029	af01_029.xml	True	11	77-130; 139-152; 176-202; 229-284; 314-322; 337-343; 356-390; 425-434; 447-479; 507-543; 613-628
af01_030	af01_030.xml	True	4	69-98; 164-213; 230-241; 256-272
af01_031	af01_031.xml	True	4	28-94; 105-119; 131-209; 242-256
af01_032	af01_032.xml	True	11	37-46; 70-114; 140-152; 177-188; 198-228; 274-290; 298-362; 377-418; 456-525; 537-559; 582-593
af01_033	af01_033.xml	True	6	71-100; 110-137; 170-181; 207-220; 285-300; 310-320
af01_034	af01_034.xml	True	8	38-48; 65-121; 133-144; 173-207; 232-243; 252-307; 341-365; 412-428
af01_035	af01_035.xml	True	10	53-65; 76-124; 136-163; 198-246; 255-267; 275-287; 305-359; 407-454; 475-586; 593-607
af01_036	af01_036.xml	True	6	37-65; 88-148; 157-173; 205-230; 280-343; 412-460
af01_037	af01_037.xml	True	5	32-69; 77-113; 136-158; 205-218; 225-241
af01_038	af01_038.xml	True	6	33-66; 78-117; 152-186; 217-228; 237-294; 333-355
af01_039	af01_039.xml	True	2	58-100; 114-215
af01_040	af01_040.xml	True	8	60-94; 105-105; 133-169; 199-214; 227-245; 259-293; 386-427; 440-458
af01_041	af01_041.xml	True	8	47-69; 80-95; 126-157; 186-202; 212-315; 348-374; 415-451; 465-520
af01_042	af01_042.xml	True	6	22-60; 70-91; 117-149; 177-192; 204-266; 311-338
af01_043	af01_043.xml	True	6	32-58; 78-94; 111-113; 175-175; 233-286; 328-381
af01_044	af01_044.xml	True	6	36-62; 118-130; 157-199; 211-223; 231-272; 321-346
af01_045	af01_045.xml	True	7	58-73; 102-126; 137-146; 179-211; 231-290; 340-360; 369-400
af01_046	af01_046.xml	True	5	44-145; 166-185; 224-241; 251-278; 296-311
af01_047	af01_047.xml	True	6	33-69; 79-115; 168-191; 201-240; 257-332; 358-383
af01_048	af01_048.xml	True	7	52-108; 137-161; 180-197; 207-223; 234-282; 362-383; 401-444
af01_049	af01_049.xml	True	4	45-80; 118-177; 192-211; 219-236
af01_050	af01_050.xml	True	5	27-69; 83-127; 156-178; 206-219; 232-247
af01_051	af01_051.xml	True	4	45-101; 113-137; 151-168; 208-221
af01_052	af01_052.xml	True	13	81-81; 127-150; 164-186; 201-263; 310-333; 359-422; 459-486; 498-517; 527-574; 589-636; 648-648; 681-700; 724-734
af01_053	af01_053.xml	True	13	43-53; 77-109; 142-142; 173-177; 197-245; 306-337; 348-392; 402-402; 420-434; 458-472; 486-493; 506-533; 560-595
af01_054	af01_054.xml	True	3	79-112; 167-210; 220-240
af01_055	af01_055.xml	True	5	67-76; 127-143; 150-167; 198-232; 256-280
af01_056	af01_056.xml	True	4	29-68; 79-112; 125-174; 184-196
af01_057	af01_057.xml	True	10	41-55; 104-141; 149-149; 182-182; 213-242; 274-333; 354-359; 382-406; 422-450; 460-499
af01_058	af01_058.xml	True	13	37-70; 97-116; 126-138; 169-249; 285-311; 332-362; 369-379; 420-491; 532-537; 572-586; 597-617; 629-672; 682-694
af01_059	af01_059.xml	True	11	69-111; 119-162; 172-172; 205-223; 233-244; 253-283; 345-378; 418-441; 471-483; 508-530; 563-606
af01_060	af01_060.xml	True	16	40-81; 91-102; 109-124; 155-185; 246-263; 272-300; 326-350; 377-405; 415-451; 460-471; 483-491; 504-518; 529-565; 638-644; 655-682; 710-745
af03_001	af03_001.xml	True	10	42-44; 68-68; 85-96; 127-127; 131-131; 136-136; 169-208; 224-224; 236-247; 279-279
af03_002	af03_002.xml	True	3	44-52; 78-92; 129-138
af03_003	af03_003.xml	True	8	32-32; 51-73; 100-106; 120-120; 139-139; 166-208; 289-289; 302-311
af03_004	af03_004.xml	True	6	63-63; 102-118; 134-154; 177-177; 204-204; 235-235
af03_005	af03_005.xml	True	8	54-63; 91-109; 163-181; 228-237; 265-265; 299-306; 339-389; 420-447
af03_006	af03_006.xml	True	8	81-81; 104-116; 144-152; 164-187; 213-229; 288-320; 427-446; 464-464
af03_007	af03_007.xml	True	3	42-50; 76-87; 118-127
af03_008	af03_008.xml	True	7	31-31; 57-74; 118-134; 161-161; 176-176; 197-250; 282-282
af03_009	af03_009.xml	True	4	117-129; 175-190; 226-226; 238-254
af03_010	af03_010.xml	True	6	67-80; 90-244; 309-324; 372-372; 389-401; 412-575
af03_011	af03_011.xml	True	10	92-111; 159-166; 221-227; 244-279; 290-290; 309-309; 339-382; 417-423; 479-497; 524-524
af03_012	af03_012.xml	True	7	79-91; 105-107; 145-162; 185-212; 260-280; 306-306; 324-324
af03_013	af03_013.xml	True	7	80-92; 104-107; 144-161; 183-210; 261-278; 307-307; 327-327
af03_014	af03_014.xml	True	5	91-94; 110-224; 235-235; 261-261; 270-270
af03_015	af03_015.xml	True	8	46-76; 126-148; 197-211; 243-243; 261-332; 381-398; 426-458; 481-482
af03_016	af03_016.xml	True	7	98-196; 234-234; 256-256; 281-336; 368-373; 392-417; 454-473
af03_017	af03_017.xml	True	4	60-70; 94-100; 119-133; 142-165
af03_018	af03_018.xml	True	3	74-100; 215-248; 259-264
af03_019	af03_019.xml	True	6	48-62; 100-100; 117-127; 160-160; 204-204; 222-222
af03_020	af03_020.xml	True	7	58-62; 82-82; 107-203; 245-270; 312-328; 351-362; 372-526
af03_021	af03_021.xml	True	6	40-57; 87-87; 101-110; 142-142; 184-184; 202-202
af03_022	af03_022.xml	True	4	89-114; 157-163; 174-178; 217-228
af03_023	af03_023.xml	True	13	47-64; 108-112; 151-167; 199-199; 221-265; 404-404; 424-424; 444-474; 481-481; 507-507; 517-517; 544-574; 610-610
af03_024	af03_024.xml	True	7	28-28; 48-48; 65-84; 107-165; 194-211; 225-225; 240-396
af03_025	af03_025.xml	True	6	66-82; 118-121; 161-161; 183-185; 222-223; 244-249
af03_026	af03_026.xml	True	3	75-115; 183-211; 224-224
af03_027	af03_027.xml	True	7	51-59; 96-107; 127-130; 157-171; 211-275; 315-315; 329-329
af03_028	af03_028.xml	True	3	94-214; 274-274; 310-313
af03_029	af03_029.xml	True	8	38-38; 61-67; 96-115; 146-146; 164-210; 245-261; 284-294; 306-438
af03_030	af03_030.xml	True	7	71-92; 104-108; 136-138; 167-185; 206-210; 225-225; 250-250
af03_031	af03_031.xml	True	9	56-178; 242-242; 257-263; 298-305; 341-381; 427-440; 530-530; 578-592; 634-634
af03_032	af03_032.xml	True	3	86-102; 132-140; 179-179
af03_033	af03_033.xml	True	7	67-67; 105-105; 124-238; 314-342; 399-590; 607-644; 666-666
af03_034	af03_034.xml	True	5	59-102; 176-176; 218-228; 243-243; 266-266
af03_035	af03_035.xml	True	3	184-184; 224-234; 270-365
af03_036	af03_036.xml	True	2	197-218; 233-281
af03_037	af03_037.xml	True	3	92-92; 104-176; 228-233
af03_038	af03_038.xml	True	6	68-82; 94-113; 163-163; 202-209; 228-228; 244-244
af03_039	af03_039.xml	True	5	91-166; 184-184; 202-224; 244-244; 275-275
af03_040	af03_040.xml	True	2	88-108; 130-161
af03_041	af03_041.xml	True	3	86-101; 113-123; 137-338
af03_042	af03_042.xml	True	4	59-72; 81-89; 105-200; 276-362
af03_043	af03_043.xml	True	11	93-120; 149-186; 236-261; 306-306; 325-357; 425-441; 517-517; 537-544; 581-581; 598-598; 644-671
af03_044	af03_044.xml	True	3	47-62; 72-172; 230-254
af03_045	af03_045.xml	True	11	69-69; 122-134; 146-148; 176-176; 215-224; 250-310; 399-408; 438-438; 454-460; 492-492; 513-517
af03_046	af03_046.xml	True	5	40-40; 63-80; 119-138; 207-249; 292-368
af03_047	af03_047.xml	True	6	52-60; 91-131; 162-164; 190-202; 234-234; 245-245
af03_048	af03_048.xml	True	4	49-59; 79-111; 131-158; 173-186
af03_049	af03_049.xml	True	13	142-142; 179-196; 215-246; 275-299; 360-360; 400-444; 491-507; 519-526; 550-558; 577-596; 607-618; 649-666; 710-710
af03_050	af03_050.xml	True	4	54-58; 79-95; 107-176; 187-211
af10_001	af10_001.xml	True	6	86-98; 116-116; 136-136; 152-181; 199-210; 248-268
af10_002	af10_002.xml	True	4	42-47; 84-99; 124-134; 150-150
af10_003	af10_003.xml	True	10	106-122; 162-188; 214-225; 243-243; 260-298; 364-371; 388-390; 409-419; 444-444; 461-461
af10_004	af10_004.xml	True	5	37-57; 78-83; 92-100; 121-121; 137-138
af10_005	af10_005.xml	True	6	83-94; 110-149; 158-171; 187-207; 272-272; 293-307
af10_006	af10_006.xml	True	5	67-95; 118-121; 145-159; 186-192; 208-208
af10_007	af10_007.xml	True	3	106-134; 143-182; 212-212
af10_008	af10_008.xml	True	9	99-99; 110-147; 189-189; 202-202; 221-240; 305-324; 333-339; 361-369; 385-414
af10_009	af10_009.xml	True	9	24-33; 45-81; 97-97; 116-118; 134-134; 153-187; 254-260; 277-282; 298-311
af10_010	af10_010.xml	True	15	80-80; 87-127; 139-139; 155-156; 173-173; 188-207; 284-302; 338-348; 367-370; 385-385; 396-419; 489-496; 514-518; 538-554; 575-588
af10_011	af10_011.xml	True	10	100-116; 145-186; 205-214; 232-232; 246-271; 320-324; 342-342; 361-369; 386-394; 408-408
af10_012	af10_012.xml	True	14	107-118; 150-150; 159-193; 211-252; 286-288; 332-345; 398-411; 420-426; 448-459; 477-515; 527-534; 574-578; 599-601; 622-628
af10_013	af10_013.xml	True	3	98-107; 130-152; 179-203
af10_014	af10_014.xml	True	7	68-70; 77-103; 121-129; 145-168; 190-208; 229-229; 245-245
af10_015	af10_015.xml	True	14	91-104; 131-135; 146-183; 201-233; 268-268; 315-322; 389-399; 408-411; 431-438; 453-486; 495-519; 541-541; 554-560; 576-579
af10_016	af10_016.xml	True	9	84-108; 129-132; 146-164; 193-201; 232-266; 295-308; 333-333; 345-370; 384-422
af10_017	af10_017.xml	True	16	78-86; 94-95; 114-130; 150-168; 193-193; 214-247; 295-311; 331-344; 357-364; 372-375; 400-403; 422-422; 437-460; 544-544; 557-576; 606-608
af10_018	af10_018.xml	True	6	85-98; 118-157; 167-184; 207-238; 278-278; 296-314
af10_019	af10_019.xml	True	15	78-98; 107-107; 116-131; 168-178; 185-198; 215-217; 235-235; 250-272; 332-343; 367-380; 390-390; 406-441; 448-448; 468-468; 487-487
af10_020	af10_020.xml	True	5	38-72; 108-120; 137-142; 180-184; 201-201
af10_021	af10_021.xml	True	7	68-92; 120-130; 151-156; 184-206; 228-234; 262-272; 303-306
af10_022	af10_022.xml	True	5	46-51; 67-92; 110-127; 163-163; 171-172
af10_023	af10_023.xml	True	7	73-94; 103-106; 113-128; 145-168; 190-202; 225-229; 245-245
af10_024	af10_024.xml	True	8	59-79; 102-102; 132-164; 171-171; 189-189; 197-213; 289-289; 298-312
af10_025	af10_025.xml	True	6	94-102; 114-120; 140-170; 182-196; 215-215; 236-236
af10_026	af10_026.xml	True	9	82-82; 99-99; 149-166; 189-189; 209-209; 222-247; 306-325; 334-344; 377-377
af10_027	af10_027.xml	True	3	95-111; 146-146; 168-186
af10_028	af10_028.xml	True	4	43-51; 66-89; 117-121; 136-153
af10_029	af10_029.xml	True	3	123-140; 176-176; 196-221
af10_030	af10_030.xml	True	9	38-38; 71-93; 129-139; 169-182; 206-206; 215-241; 265-284; 307-313; 330-330
af10_031	af10_031.xml	True	3	79-79; 92-111; 135-185
af10_032	af10_032.xml	True	5	45-71; 84-96; 117-133; 156-167; 183-183
af10_033	af10_033.xml	True	7	40-40; 69-94; 121-121; 140-174; 183-192; 212-219; 232-232
af10_034	af10_034.xml	True	4	95-97; 112-136; 161-171; 186-196
af10_035	af10_035.xml	True	7	91-91; 116-116; 135-158; 169-177; 193-203; 222-229; 243-243
af10_036	af10_036.xml	True	6	34-56; 92-109; 126-127; 135-147; 167-168; 189-189
af10_037	af10_037.xml	True	5	55-55; 70-82; 135-139; 179-208; 216-230
af10_038	af10_038.xml	True	6	87-92; 114-127; 157-157; 175-186; 204-205; 221-221
af10_039	af10_039.xml	True	9	96-123; 151-155; 168-198; 226-242; 264-297; 335-346; 375-375; 386-423; 434-479
af10_040	af10_040.xml	True	6	66-87; 94-102; 127-151; 182-198; 220-220; 233-233
af10_041	af10_041.xml	True	4	116-136; 161-185; 202-202; 217-217
af10_042	af10_042.xml	True	3	76-111; 123-133; 142-157
af10_043	af10_043.xml	True	7	93-93; 105-132; 143-150; 184-223; 283-296; 312-312; 332-351
af10_044	af10_044.xml	True	4	94-117; 142-148; 168-182; 198-202
af10_045	af10_045.xml	True	9	74-74; 80-85; 100-145; 172-172; 191-191; 205-218; 300-304; 313-340; 366-374
af10_046	af10_046.xml	True	7	81-82; 99-126; 138-151; 168-200; 271-276; 295-301; 309-322
af10_047	af10_047.xml	True	9	26-34; 47-83; 92-110; 140-163; 228-228; 235-267; 307-309; 326-326; 356-364
af10_048	af10_048.xml	True	9	29-33; 68-82; 111-111; 146-146; 172-172; 186-196; 218-232; 249-251; 267-267
af10_049	af10_049.xml	True	9	61-61; 81-83; 99-100; 147-147; 168-168; 183-194; 263-274; 295-307; 317-325
af10_050	af10_050.xml	True	8	66-83; 106-127; 167-167; 206-239; 246-257; 295-295; 310-335; 399-400
af10_051	af10_051.xml	True	4	46-55; 75-85; 102-132; 144-163
af10_052	af10_052.xml	True	11	70-71; 80-94; 110-110; 129-129; 143-164; 215-215; 221-231; 244-283; 344-344; 349-376; 390-418
af10_053	af10_053.xml	True	7	92-92; 114-130; 156-170; 193-226; 280-280; 295-307; 335-344
af10_054	af10_054.xml	True	8	53-71; 98-113; 138-150; 181-191; 270-270; 278-278; 292-300; 327-337
af10_055	af10_055.xml	True	4	39-44; 63-83; 102-102; 120-134
af10_056	af10_056.xml	True	11	51-55; 87-101; 129-142; 159-159; 175-175; 191-199; 186-305; 315-315; 339-350; 389-389; 396-396
af10_057	af10_057.xml	True	3	91-98; 114-116; 142-157
af10_058	af10_058.xml	True	9	95-95; 118-120; 158-162; 183-203; 233-272; 300-317; 370-370; 408-408; 443-447
af10_059	af10_059.xml	True	5	48-69; 78-83; 102-117; 129-131; 148-148
af11_001	af11_001.xml	True	4	53-83; 118-152; 183-184; 220-254
af11_002	af11_002.xml	True	4	62-74; 90-178; 234-249; 262-287
af11_003	af11_003.xml	True	3	84-110; 146-160; 173-245
af11_004	af11_004.xml	True	8	63-83; 103-123; 183-214; 241-273; 283-293; 344-354; 371-453; 500-506
af11_005	af11_005.xml	True	4	60-88; 99-115; 137-172; 183-215
af11_006	af11_006.xml	True	4	62-79; 94-117; 137-144; 169-199
af11_007	af11_007.xml	True	4	42-67; 96-126; 157-203; 211-235
af11_008	af11_008.xml	True	7	84-111; 120-139; 173-195; 219-282; 320-334; 359-359; 378-406
af11_009	af11_009.xml	True	6	40-69; 89-113; 129-129; 169-214; 223-242; 249-260
af11_010	af11_010.xml	True	7	54-75; 84-115; 124-173; 184-283; 318-350; 386-412; 422-440
af11_011	af11_011.xml	True	5	50-76; 90-125; 137-172; 182-197; 218-246
af11_012	af11_012.xml	True	5	36-80; 92-111; 141-156; 183-183; 206-215
af11_013	af11_013.xml	True	4	65-92; 101-153; 163-197; 248-284
af11_014	af11_014.xml	True	6	49-95; 133-146; 187-229; 240-273; 302-321; 329-350
af11_015	af11_015.xml	True	11	50-74; 87-115; 150-173; 186-205; 215-244; 296-333; 346-382; 422-454; 515-540; 550-598; 626-656
af11_016	af11_016.xml	True	7	53-76; 89-116; 126-163; 176-203; 240-251; 284-316; 322-337
af11_017	af11_017.xml	True	7	46-80; 97-126; 137-174; 185-212; 243-264; 291-308; 322-347
af11_018	af11_018.xml	True	6	65-83; 92-114; 152-195; 214-239; 264-297; 308-326
af11_019	af11_019.xml	True	6	42-116; 148-175; 226-252; 264-271; 291-308; 318-332
af11_020	af11_020.xml	True	9	79-79; 97-103; 142-181; 194-228; 257-276; 295-395; 428-457; 499-521; 529-551
af11_021	af11_021.xml	True	12	40-45; 55-95; 122-133; 142-169; 218-242; 262-266; 281-303; 319-404; 449-479; 492-532; 541-573; 602-642
af11_022	af11_022.xml	True	4	41-62; 80-109; 124-157; 167-192
af11_023	af11_023.xml	True	4	81-114; 151-177; 190-259; 279-290
af11_024	af11_024.xml	True	6	84-102; 116-139; 179-222; 257-308; 346-346; 360-384
af11_025	af11_025.xml	True	7	50-74; 134-159; 195-217; 256-271; 280-302; 314-368; 424-451
af11_026	af11_026.xml	True	5	40-56; 76-92; 124-135; 170-185; 198-204
af11_027	af11_027.xml	True	7	41-57; 69-82; 108-129; 139-144; 157-196; 252-271; 283-317
af11_028	af11_028.xml	True	6	43-108; 136-142; 178-207; 215-243; 268-276; 288-300
af11_029	af11_029.xml	True	3	65-72; 103-130; 157-171
af11_030	af11_030.xml	True	8	48-66; 90-119; 167-173; 216-235; 255-282; 341-343; 360-341; 458-463
af11_031	af11_031.xml	True	6	67-113; 134-150; 189-220; 228-268; 290-303; 312-331
af11_032	af11_032.xml	True	7	54-88; 111-130; 143-173; 182-224; 281-309; 318-336; 348-378
af11_033	af11_033.xml	True	7	31-51; 79-79; 94-94; 116-116; 150-213; 251-258; 269-286
af11_034	af11_034.xml	True	10	30-49; 63-74; 90-93; 114-157; 224-224; 240-263; 281-340; 366-373; 420-423; 469-492
af11_035	af11_035.xml	True	5	51-68; 90-118; 152-152; 189-203; 211-218
af11_036	af11_036.xml	True	5	55-89; 100-114; 131-151; 172-186; 206-217
af11_037	af11_037.xml	True	3	62-80; 96-132; 172-222
af11_038	af11_038.xml	True	12	36-65; 76-111; 140-152; 172-204; 237-252; 262-306; 359-418; 474-498; 514-542; 566-572; 594-596; 637-674
af11_039	af11_039.xml	True	7	42-60; 82-103; 121-157; 166-217; 302-330; 342-387; 420-443
af11_040	af11_040.xml	True	3	82-125; 155-176; 186-224
af11_041	af11_041.xml	True	13	76-76; 97-103; 133-170; 217-228; 239-254; 274-333; 383-390; 413-448; 458-468; 512-525; 567-591; 626-635; 653-653
af11_042	af11_042.xml	True	7	85-85; 114-118; 160-190; 201-221; 251-280; 317-331; 346-355
af11_043	af11_043.xml	True	3	42-70; 86-94; 135-158
af11_044	af11_044.xml	True	4	41-72; 86-94; 105-124; 152-152
af11_045	af11_045.xml	True	10	56-74; 97-112; 134-166; 181-217; 227-244; 251-251; 265-337; 363-380; 398-401; 447-469
af11_046	af11_046.xml	True	4	47-58; 103-109; 128-141; 150-163
af11_047	af11_047.xml	True	11	47-64; 74-98; 126-193; 265-285; 303-303; 335-392; 421-434; 442-442; 472-474; 495-525; 534-544
af11_048	af11_048.xml	True	3	72-95; 105-128; 183-209
af11_049	af11_049.xml	True	6	59-109; 159-213; 243-291; 336-344; 377-409; 422-447
af11_050	af11_050.xml	True	5	56-78; 123-146; 173-208; 241-258; 267-280
af11_051	af11_051.xml	True	11	50-66; 110-118; 159-167; 211-246; 294-324; 354-381; 408-432; 447-512; 553-580; 621-650; 661-689
af11_052	af11_052.xml	True	3	56-61; 76-105; 134-153
af11_053	af11_053.xml	True	6	62-106; 126-143; 187-215; 229-258; 281-295; 306-311
af11_054	af11_054.xml	True	2	48-77; 94-134
af11_055	af11_055.xml	True	5	38-66; 74-87; 115-134; 155-201; 270-296
af11_056	af11_056.xml	True	3	72-97; 133-169; 183-207
af11_057	af11_057.xml	True	5	65-80; 95-103; 138-146; 182-203; 214-223
af11_058	af11_058.xml	True	8	57-74; 88-110; 144-171; 182-204; 247-275; 321-379; 458-496; 508-525
af11_059	af11_059.xml	True	5	102-130; 142-159; 172-202; 214-232; 248-255
af11_060	af11_060.xml	True	8	47-61; 76-128; 151-194; 200-231; 257-340; 411-429; 474-486; 498-534
af12_001	af12_001.xml	True	5	61-97; 107-122; 151-195; 218-307; 360-417
af12_002	af12_002.xml	True	3	97-97; 133-141; 160-210
af12_003	af12_003.xml	True	9	68-126; 137-156; 183-183; 223-223; 235-235; 251-283; 320-320; 359-404; 423-434
af12_004	af12_004.xml	True	8	58-122; 158-179; 205-270; 278-284; 293-331; 361-365; 380-429; 446-469
af12_005	af12_005.xml	True	12	59-68; 78-96; 109-127; 158-188; 198-256; 292-292; 307-348; 386-413; 430-435; 456-508; 546-562; 576-584
af12_006	af12_006.xml	True	7	39-39; 71-98; 162-195; 218-221; 233-238; 257-346; 385-395
af12_007	af12_007.xml	True	7	54-62; 75-75; 118-118; 138-158; 182-217; 246-260; 279-279
af12_008	af12_008.xml	True	3	110-114; 133-176; 221-238
af12_009	af12_009.xml	True	12	72-78; 89-150; 170-224; 245-265; 290-345; 358-383; 415-465; 522-525; 537-558; 580-591; 611-627; 675-703
af12_010	af12_010.xml	True	5	50-59; 71-98; 116-116; 151-154; 199-228
af12_011	af12_011.xml	True	10	69-84; 107-107; 163-192; 207-264; 276-276; 284-287; 302-344; 374-425; 449-449; 482-506
af12_012	af12_012.xml	True	6	38-89; 120-120; 162-171; 180-242; 254-254; 267-275
af12_013	af12_013.xml	True	6	31-31; 65-75; 94-112; 136-174; 188-188; 202-207
